-- Backup of wapobel_bewatering3 on 2026-01-22 07:00:25

DROP TABLE IF EXISTS `boekingen`;
CREATE TABLE `boekingen` (
  `boekId` int(11) NOT NULL AUTO_INCREMENT,
  `creatieDatum` date NOT NULL DEFAULT current_timestamp(),
  `creatieTijd` time NOT NULL DEFAULT current_timestamp(),
  `wateringId` int(11) NOT NULL,
  `jaar` int(11) NOT NULL,
  `maand` int(11) NOT NULL,
  `dag` int(11) NOT NULL,
  `postId` int(11) NOT NULL,
  `subPostId` int(11) DEFAULT NULL,
  `nummering` varchar(20) NOT NULL DEFAULT '0',
  `omschrijving` varchar(255) NOT NULL,
  `billitNumber` int(11) DEFAULT NULL,
  PRIMARY KEY (`boekId`)
) ENGINE=InnoDB AUTO_INCREMENT=299 DEFAULT CHARSET=utf8mb3 COLLATE=utf8mb3_general_ci;

INSERT INTO `boekingen` VALUES
('216','2026-01-05','13:05:50','15','2026','1','5','187','0','1','inschrijving partner souper 2026','121514990'),
('217','2026-01-05','13:07:29','15','2026','1','1','235','0','1','Jaarlijkse bankkosten 2026','120452377'),
('218','2026-01-05','13:16:35','15','2026','1','1','185','3','2','Polderbelasting vorig dienstjaar','0'),
('219','2026-01-05','13:18:03','15','2026','1','2','185','3','3','Polderbelasting vorig dienstjaar','0'),
('220','2026-01-05','13:18:34','15','2026','1','3','185','3','4','Polderbelasting vorig dienstjaar','0'),
('221','2026-01-05','13:18:48','15','2026','1','5','185','3','5','Polderbelasting vorig dienstjaar','0'),
('222','2026-01-05','13:19:07','15','2026','1','4','185','3','6','Polderbelasting vorig dienstjaar','0'),
('224','2026-01-05','13:39:14','15','2026','1','5','0','0','8','Rek. BE70 7388 0210 3025 à BE81 3631 3645 8024','0'),
('226','2026-01-05','13:44:39','15','2026','1','5','228','0','9','onderhoud 1UVJ010 2025','87002375'),
('227','2026-01-05','13:46:59','15','2026','1','5','250','33','10','pompkosten: schakelen Fintele 2025','87002054'),
('228','2026-01-05','13:47:26','15','2026','1','5','234','0','10','Sociale rechtsbijstand 2026','87001982'),
('230','2026-01-06','11:05:08','15','2026','1','5','187','0','11','inschrijving partner souper 2026','121813711'),
('231','2026-01-06','11:05:22','15','2026','1','5','187','0','11','inschrijving partner souper 2026','121813710'),
('232','2026-01-06','11:05:31','15','2026','1','6','187','0','11','inschrijving partner souper 2026','121958722'),
('233','2026-01-06','11:05:41','15','2026','1','6','187','0','11','inschrijving partner souper 2026','121970526'),
('234','2026-01-06','11:05:52','15','2026','1','6','187','0','11','inschrijving partner souper 2026','121958721'),
('235','2026-01-07','08:47:51','15','2026','1','6','185','3','12','Polderbelasting vorig dienstjaar','0'),
('236','2026-01-07','08:48:35','15','2026','1','7','185','3','13','Polderbelasting vorig dienstjaar','0'),
('237','2026-01-07','08:49:57','15','2026','1','5','235','0','14','bankkosten','0'),
('238','2026-01-07','12:13:01','15','2026','1','6','191','0','15','Verzekeringen','87569917'),
('239','2026-01-07','12:13:23','15','2026','1','7','262','0','15','Track and trace 01/01/26 - 31/03/26','86994085'),
('241','2026-01-08','09:52:38','15','2026','1','8','185','3','16','Polderbelasting vorige dienstjaren','0'),
('242','2026-01-08','09:53:00','15','2026','1','8','0','0','17','Rek. BE70 7388 0210 3025 à BE81 3631 3645 8024','0'),
('243','2026-01-08','09:54:06','15','2026','1','7','187','0','18','inschrijving partner souper 2026','122850679'),
('245','2026-01-08','13:46:18','15','2026','1','8','234','0','19','hospitalisatieverzekering 2026 nieuw personeelslid','87519033'),
('246','2026-01-08','14:00:15','15','2026','1','8','245','30','20','WKP-2025-2 - polderwaterlopen vs 3','86992477'),
('250','2026-01-08','14:56:08','15','2026','1','8','263','0','21','aankopen polder','87002486'),
('251','2026-01-08','14:56:26','15','2026','1','8','260','0','21','aangifte roerende voorheffing vis- en jachtrecht','87320894'),
('252','2026-01-08','14:56:45','15','2026','1','8','228','0','21','Telavox telefonie 12/2025','86993935'),
('253','2026-01-08','14:57:20','15','2026','1','8','228','0','21','opstartkost Telavox telefonie 2025','86993979'),
('254','2026-01-08','15:00:14','15','2026','1','8','228','0','22','drukwerk polderbelasting 2025','87002129'),
('255','2026-01-08','15:00:38','15','2026','1','8','244','43','22','Groenjobs - beheerstroken 2025','86991330'),
('256','2026-01-08','15:01:39','15','2026','1','8','245','28','22','WKP-2025-2 - werken 2e categorie provincie vs2','87302729'),
('257','2026-01-08','15:01:56','15','2026','1','8','245','28','22','WKP-2025-1 - werken 2e categorie provincie vs 2','87303175'),
('258','2026-01-08','15:03:12','15','2026','1','6','235','0','22','bankkosten ','122188445'),
('260','2026-01-09','14:26:57','15','2026','1','9','187','0','23','inschrijving partner souper 2026','123429782'),
('261','2026-01-09','14:28:40','15','2026','1','9','191','0','23','terugbetaling te veel betaald F44069/00','123429783'),
('262','2026-01-09','14:29:35','15','2026','1','8','185','3','23','PB - MB 250076012319','123238695'),
('263','2026-01-09','14:29:50','15','2026','1','8','185','3','23','PB - MB 250075812356','123238696'),
('264','2026-01-09','14:30:09','15','2026','1','8','185','3','23','PB - MB 250075912386','123238697'),
('267','2026-01-09','14:33:44','15','2026','1','9','228','0','23','RSZ/BV - 12/2025','86991459'),
('268','2026-01-09','14:34:02','15','2026','1','9','228','0','23','RSZ/BV - 12/2025','87018781'),
('269','2026-01-09','14:36:43','15','2026','1','9','185','3','24','Polderbelasting vorige dienstjaren','0'),
('270','2026-01-15','08:21:39','15','2026','1','10','185','3','25','Polderbelasting vorige dienstjaren','0'),
('271','2026-01-15','08:22:16','15','2026','1','11','185','3','26','Polderbelasting vorige dienstjaren','0'),
('272','2026-01-15','08:22:31','15','2026','1','12','185','3','27','Polderbelasting vorige dienstjaren','0'),
('273','2026-01-15','08:22:46','15','2026','1','13','185','3','28','Polderbelasting vorige dienstjaren','0'),
('274','2026-01-15','08:23:01','15','2026','1','14','185','3','29','Polderbelasting vorige dienstjaren','0'),
('275','2026-01-15','08:23:29','15','2026','1','15','0','0','30','Rek. BE70 7388 0210 3025 à BE81 3631 3645 8024','0'),
('276','2026-01-15','08:28:35','15','2026','1','13','197','8','31','dubbele betaling - inschrijving souper partner 2026','124539386'),
('277','2026-01-15','08:36:55','15','2026','1','13','231','0','31','Vervanging MC kaart','88253985'),
('280','2026-01-15','12:20:44','15','2026','1','14','187','0','32','inschrijving partner souper 2026','125045053'),
('281','2026-01-15','12:22:05','15','2026','1','14','198','9','32','2e categorie vorige dienstjaren','87302182'),
('282','2026-01-15','12:22:51','15','2026','1','15','231','0','32','voorschot 01/2026','84626182'),
('283','2026-01-16','12:58:36','15','2026','1','16','228','0','33','aankopen polder - hakselaar 2025','87519382'),
('284','2026-01-16','12:59:01','15','2026','1','16','245','30','33','WKP-2025-1 onderhoud polderwaterlopen vs 3','87826340'),
('285','2026-01-16','12:59:24','15','2026','1','16','257','0','33','schoonmaak december 2025','89239256'),
('286','2026-01-16','13:00:05','15','2026','1','16','257','0','33','aankopen polder - kleine herstellingen 2025','87996220'),
('287','2026-01-16','13:00:55','15','2026','1','16','250','33','33','pompkosten: depannage PS De Seine 2025','89451561'),
('288','2026-01-16','13:06:00','15','2026','1','15','197','8','34','creditnota Groenjobs - beheerstroken 2025','89678493'),
('290','2026-01-16','13:14:08','15','2026','1','16','244','43','35','terugbetaling dubbele betaling - inschrijving partner souper 2026','125379503'),
('292','2026-01-16','13:53:13','15','2026','1','16','239','0','36','licentie Wapobel 2026','87820958'),
('293','2026-01-19','07:39:59','15','2026','1','7','257','0','37','brandstoffen tem 31/12/25','89802273'),
('294','2026-01-19','08:07:59','15','2026','1','19','187','0','38','inschrijving partner souper 2026','125838457'),
('295','2026-01-19','08:32:36','15','2026','1','15','185','3','39','Polderbelasting vorige dienstjaren','0'),
('296','2026-01-19','08:33:16','15','2026','1','16','185','3','40','Polderbelasting vorige dienstjaren','0'),
('297','2026-01-19','08:33:41','15','2026','1','17','185','3','41','Polderbelasting vorige dienstjaren','0'),
('298','2026-01-19','08:34:06','15','2026','1','18','185','3','42','Polderbelasting vorige dienstjaren','0');

DROP TABLE IF EXISTS `boekingsbedragen`;
CREATE TABLE `boekingsbedragen` (
  `boekingId` int(11) NOT NULL AUTO_INCREMENT,
  `boekId` int(11) NOT NULL,
  `rekeningId` int(11) NOT NULL,
  `useKey` varchar(1) NOT NULL,
  `bedrag` decimal(15,2) NOT NULL,
  PRIMARY KEY (`boekingId`),
  UNIQUE KEY `uniq_boek_rek_use` (`boekId`,`rekeningId`,`useKey`)
) ENGINE=InnoDB AUTO_INCREMENT=308 DEFAULT CHARSET=utf8mb3 COLLATE=utf8mb3_general_ci;

INSERT INTO `boekingsbedragen` VALUES
('212','216','11','O','85.00'),
('213','217','11','U','315.12'),
('214','218','12','O','2478.26'),
('215','219','12','O','16363.71'),
('216','220','12','O','490.21'),
('217','221','12','O','12721.73'),
('218','222','12','O','3835.53'),
('220','224','12','U','450000.00'),
('221','224','11','O','450000.00'),
('224','226','11','U','557.01'),
('225','227','11','U','74.90'),
('226','228','11','U','1100.00'),
('228','230','11','O','50.00'),
('229','231','11','O','50.00'),
('230','232','11','O','85.00'),
('231','233','11','O','170.00'),
('232','234','11','O','50.00'),
('234','235','12','O','12454.44'),
('236','236','12','O','11195.59'),
('237','237','12','U','6.05'),
('238','238','11','O','120.75'),
('239','239','11','U','322.71'),
('242','241','12','O','5408.16'),
('243','242','12','U','50000.00'),
('244','242','11','O','50000.00'),
('245','243','11','O','85.00'),
('247','245','11','U','191.40'),
('248','246','11','U','146173.14'),
('254','250','11','U','430.98'),
('255','251','11','U','1244.06'),
('256','252','11','U','140.84'),
('258','253','11','U','188.76'),
('259','254','11','U','12871.66'),
('260','255','11','U','4018.44'),
('261','256','11','U','61565.11'),
('262','257','11','U','63382.98'),
('263','258','11','U','60.50'),
('265','260','11','O','85.00'),
('266','261','11','O','550.00'),
('267','262','11','O','14.67'),
('268','263','11','O','14.67'),
('269','264','11','O','14.67'),
('272','267','11','U','21470.92'),
('273','268','11','U','7508.73'),
('275','269','12','O','4875.24'),
('276','270','12','O','1100.67'),
('278','271','12','O','205.38'),
('279','272','12','O','9555.94'),
('280','273','12','O','4421.37'),
('281','274','12','O','8352.92'),
('282','275','12','U','30000.00'),
('283','275','11','O','30000.00'),
('284','276','11','O','85.00'),
('285','277','11','U','27.83'),
('288','280','11','O','85.00'),
('289','281','11','O','11030.42'),
('290','282','11','U','1500.00'),
('291','283','11','U','84.68'),
('292','284','11','U','43919.15'),
('293','285','11','U','145.20'),
('294','286','11','U','10.78'),
('295','287','11','U','616.39'),
('297','288','11','O','4018.41'),
('299','290','11','U','85.00'),
('301','292','11','U','242.00'),
('302','293','11','U','150.34'),
('303','294','11','O','85.00'),
('304','295','12','O','7095.29'),
('305','296','12','O','4950.78'),
('306','297','12','O','247.94'),
('307','298','12','O','2470.33');

DROP TABLE IF EXISTS `boekjaren`;
CREATE TABLE `boekjaren` (
  `wateringId` int(11) NOT NULL,
  `jaar` int(11) NOT NULL,
  `afgesloten` varchar(1) NOT NULL,
  PRIMARY KEY (`wateringId`,`jaar`)
) ENGINE=InnoDB DEFAULT CHARSET=utf8mb4 COLLATE=utf8mb4_general_ci;

INSERT INTO `boekjaren` VALUES
('13','2026',''),
('14','2026',''),
('15','2026',''),
('16','2026',''),
('17','2026','');

DROP TABLE IF EXISTS `facturen`;
CREATE TABLE `facturen` (
  `factuurId` int(11) NOT NULL AUTO_INCREMENT,
  `wateringId` int(11) NOT NULL,
  `jaar` int(4) NOT NULL,
  `orderID` int(11) NOT NULL,
  `verwerkt` tinyint(1) NOT NULL,
  `verwerktOp` datetime DEFAULT NULL,
  PRIMARY KEY (`factuurId`)
) ENGINE=InnoDB AUTO_INCREMENT=271 DEFAULT CHARSET=utf8mb4 COLLATE=utf8mb4_general_ci;

INSERT INTO `facturen` VALUES
('1','15','2025','113009985','1','2025-12-09 11:02:19'),
('2','15','2025','113009986','1','2025-12-09 12:00:38'),
('3','15','2025','113009988','1','2025-12-09 15:35:54'),
('4','15','2025','113009989','1','2025-12-09 15:36:06'),
('5','15','2025','113009990','1','2025-12-09 15:36:23'),
('6','15','2025','113009991','1','2025-12-09 15:36:33'),
('7','15','2025','113009992','1','2025-12-09 15:36:44'),
('8','15','2025','113009994','1','2025-12-09 15:37:00'),
('9','15','2025','113009993','1','2025-12-09 15:37:13'),
('10','15','2025','113009995','1','2025-12-09 15:37:37'),
('11','15','2025','113009996','1','2025-12-09 15:37:47'),
('12','15','2025','113009997','1','2025-12-09 15:37:57'),
('13','15','2025','113009998','1','2025-12-09 15:38:11'),
('14','15','2025','113009987','1','2025-12-09 15:39:08'),
('15','15','2025','113010001','1','2025-12-09 15:39:34'),
('16','15','2025','113010008','1','2025-12-09 15:39:43'),
('17','15','2025','113010009','1','2025-12-09 15:39:52'),
('18','15','2025','113010019','1','2025-12-09 15:40:01'),
('19','15','2025','113010022','1','2025-12-09 15:40:09'),
('20','15','2025','113010023','1','2025-12-09 15:40:21'),
('21','15','2025','113010024','1','2025-12-09 15:40:30'),
('22','15','2025','113010027','1','2025-12-09 15:40:39'),
('23','15','2025','113010044','1','2025-12-09 15:40:48'),
('24','15','2025','113010046','1','2025-12-09 15:40:59'),
('25','15','2025','113010047','1','2025-12-09 15:42:07'),
('26','15','2025','113010048','1','2025-12-09 15:42:19'),
('27','15','2025','113010049','1','2025-12-09 15:42:27'),
('28','15','2025','113010050','1','2025-12-09 15:42:36'),
('29','15','2025','113010052','1','2025-12-09 15:42:45'),
('30','15','2025','113010057','1','2025-12-09 15:43:04'),
('31','15','2025','113010067','1','2025-12-09 15:43:22'),
('32','15','2025','113010068','1','2025-12-09 15:43:31'),
('33','15','2025','113010069','1','2025-12-09 15:43:40'),
('34','15','2025','113010072','1','2025-12-09 15:43:56'),
('35','15','2025','113010073','1','2025-12-09 15:44:05'),
('36','15','2025','113010074','1','2025-12-09 15:44:27'),
('37','15','2025','113010076','1','2025-12-09 15:44:39'),
('38','15','2025','113010075','1','2025-12-09 15:44:48'),
('39','15','2025','113010077','1','2025-12-09 15:44:57'),
('40','15','2025','113010079','1','2025-12-09 15:45:06'),
('41','15','2025','113010086','1','2025-12-09 15:45:15'),
('42','15','2025','113010089','1','2025-12-09 15:45:24'),
('43','15','2025','113010107','1','2025-12-09 15:45:33'),
('44','15','2025','113010109','1','2025-12-09 15:45:41'),
('45','15','2025','113010111','1','2025-12-09 15:45:52'),
('46','15','2025','113009999','1','2025-12-09 15:47:41'),
('47','15','2025','113010000','1','2025-12-09 15:48:37'),
('48','15','2025','113010002','1','2025-12-09 15:48:45'),
('49','15','2025','113010003','1','2025-12-09 15:48:56'),
('50','15','2025','113010004','1','2025-12-09 15:49:09'),
('51','15','2025','113010005','1','2025-12-09 15:49:18'),
('52','15','2025','113010006','1','2025-12-09 15:49:26'),
('53','15','2025','113010007','1','2025-12-09 15:49:33'),
('54','15','2025','113010010','1','2025-12-09 15:49:44'),
('55','15','2025','113010011','1','2025-12-09 15:49:59'),
('56','15','2025','113010012','1','2025-12-09 15:50:08'),
('57','15','2025','113010013','1','2025-12-09 15:50:22'),
('58','15','2025','113010014','1','2025-12-09 15:50:31'),
('59','15','2025','113010015','1','2025-12-09 15:50:43'),
('60','15','2025','113010016','1','2025-12-09 15:50:53'),
('61','15','2025','113010018','1','2025-12-09 15:51:04'),
('62','15','2025','113010020','1','2025-12-09 15:51:14'),
('63','15','2025','113010021','1','2025-12-09 15:51:25'),
('64','15','2025','113010025','1','2025-12-09 15:51:56'),
('65','15','2025','113010026','1','2025-12-09 15:52:05'),
('66','15','2025','113010028','1','2025-12-09 15:52:13'),
('67','15','2025','113010029','1','2025-12-09 15:52:25'),
('68','15','2025','113010030','1','2025-12-09 15:52:34'),
('69','15','2025','113010031','1','2025-12-09 15:52:43'),
('70','15','2025','113010032','1','2025-12-09 15:52:51'),
('71','15','2025','113010033','1','2025-12-09 15:52:59'),
('72','15','2025','113010034','1','2025-12-09 15:53:09'),
('73','15','2025','113010035','1','2025-12-09 15:53:19'),
('74','15','2025','113010036','1','2025-12-09 15:53:28'),
('75','15','2025','113010037','1','2025-12-09 15:53:37'),
('76','15','2025','113010037','1','2025-12-09 15:53:38'),
('77','15','2025','113010038','1','2025-12-09 15:53:47'),
('78','15','2025','113010039','1','2025-12-09 15:53:55'),
('79','15','2025','113010040','1','2025-12-09 15:54:10'),
('80','15','2025','113010041','1','2025-12-09 15:54:20'),
('81','15','2025','113010042','1','2025-12-09 15:54:29'),
('82','15','2025','113010043','1','2025-12-09 15:54:38'),
('83','15','2025','113010045','1','2025-12-09 15:54:51'),
('84','15','2025','113010051','1','2025-12-09 15:55:00'),
('85','15','2025','113010116','1','2025-12-09 15:55:56'),
('86','15','2025','113010115','1','2025-12-09 15:56:11'),
('87','15','2025','113010113','1','2025-12-09 15:56:26'),
('88','15','2025','113010053','1','2025-12-09 15:56:36'),
('89','15','2025','113010054','1','2025-12-09 15:56:47'),
('90','15','2025','113010055','1','2025-12-09 15:56:55'),
('91','15','2025','113010056','1','2025-12-09 15:57:03'),
('92','15','2025','113010058','1','2025-12-09 15:57:12'),
('93','15','2025','113010059','1','2025-12-09 15:57:19'),
('94','15','2025','113010060','1','2025-12-09 15:57:27'),
('95','15','2025','113010061','1','2025-12-09 15:58:02'),
('96','15','2025','113010062','1','2025-12-09 15:58:11'),
('97','15','2025','113010063','1','2025-12-09 15:58:20'),
('98','15','2025','113010066','1','2025-12-09 15:58:29'),
('99','15','2025','113010065','1','2025-12-09 15:58:36'),
('100','15','2025','113010070','1','2025-12-09 15:58:44'),
('101','15','2025','113010071','1','2025-12-09 15:58:53'),
('102','15','2025','113010078','1','2025-12-09 15:59:01'),
('103','15','2025','113010080','1','2025-12-09 15:59:09'),
('104','15','2025','113010081','1','2025-12-09 15:59:18'),
('105','15','2025','113010082','1','2025-12-09 15:59:31'),
('106','15','2025','113010083','1','2025-12-09 15:59:39'),
('107','15','2025','113010084','1','2025-12-09 15:59:48'),
('108','15','2025','113010085','1','2025-12-09 15:59:57'),
('109','15','2025','113010087','1','2025-12-09 16:00:07'),
('110','15','2025','113010088','1','2025-12-09 16:00:14'),
('111','15','2025','113010090','1','2025-12-09 16:00:21'),
('112','15','2025','113010091','1','2025-12-09 16:00:31'),
('113','15','2025','113010092','1','2025-12-09 16:00:44'),
('114','15','2025','113010093','1','2025-12-09 16:00:54'),
('115','15','2025','113010094','1','2025-12-09 16:01:03'),
('116','15','2025','113010095','1','2025-12-09 16:01:11'),
('117','15','2025','113010096','1','2025-12-09 16:01:21'),
('118','15','2025','113010097','1','2025-12-09 16:01:29'),
('119','15','2025','113010098','1','2025-12-09 16:01:36'),
('120','15','2025','113010099','1','2025-12-09 16:02:15'),
('121','15','2025','113010100','1','2025-12-09 16:02:38'),
('122','15','2025','113010101','1','2025-12-09 16:02:48'),
('123','15','2025','113010102','1','2025-12-09 16:02:56'),
('124','15','2025','113010103','1','2025-12-09 16:03:03'),
('125','15','2025','113010104','1','2025-12-09 16:03:14'),
('126','15','2025','113010105','1','2025-12-09 16:03:25'),
('127','15','2025','113010106','1','2025-12-09 16:03:35'),
('128','15','2025','113010108','1','2025-12-09 16:03:45'),
('129','15','2025','113010110','1','2025-12-09 16:03:52'),
('130','15','2025','113692246','1','2025-12-10 14:01:36'),
('131','15','2025','114394418','1','2025-12-12 13:13:01'),
('132','15','2025','114542161','1','2025-12-12 13:13:07'),
('133','15','2025','114542162','1','2025-12-12 13:13:14'),
('134','15','2025','114044593','1','2025-12-12 13:13:21'),
('135','15','2025','115389743','1','2025-12-16 08:23:00'),
('136','15','2025','115389747','1','2025-12-16 08:23:12'),
('137','15','2025','115389749','1','2025-12-16 08:23:19'),
('138','15','2025','114704655','1','2025-12-16 08:23:27'),
('139','15','2025','115614729','1','2025-12-18 08:53:48'),
('140','15','2025','115614730','1','2025-12-18 08:53:58'),
('141','15','2025','115614731','1','2025-12-18 08:54:05'),
('142','15','2025','115614733','1','2025-12-18 08:54:12'),
('143','15','2025','115614734','1','2025-12-18 08:54:20'),
('144','15','2025','115614735','1','2025-12-18 08:54:28'),
('145','15','2025','115614738','1','2025-12-18 08:54:34'),
('146','15','2025','115614732','1','2025-12-18 08:54:40'),
('147','15','2025','115614736','1','2025-12-18 08:54:47'),
('148','15','2025','115614740','1','2025-12-18 08:54:55'),
('149','15','2025','115614741','1','2025-12-18 08:55:06'),
('150','15','2025','115614743','1','2025-12-18 08:55:15'),
('151','15','2025','115614739','1','2025-12-18 08:55:22'),
('152','15','2025','115614744','1','2025-12-18 08:55:29'),
('153','15','2025','115614742','1','2025-12-18 08:55:35'),
('154','15','2025','115614746','1','2025-12-18 08:55:42'),
('155','15','2025','115614748','1','2025-12-18 08:55:48'),
('156','15','2025','115614749','1','2025-12-18 08:57:17'),
('157','15','2025','115614737','1','2025-12-18 08:57:24'),
('158','15','2025','115614745','1','2025-12-18 08:57:31'),
('159','15','2025','115614747','1','2025-12-18 08:57:37'),
('160','15','2025','115614750','1','2025-12-18 08:57:44'),
('161','15','2025','115614751','1','2025-12-18 08:57:52'),
('162','15','2025','115614752','1','2025-12-18 08:58:00'),
('163','15','2025','116285483','1','2025-12-18 08:58:15'),
('164','15','2025','116285484','1','2025-12-18 08:58:22'),
('165','15','2025','115962734','1','2025-12-18 08:58:31'),
('166','15','2025','115962735','1','2025-12-18 08:58:37'),
('167','15','2025','116270734','1','2025-12-18 08:58:44'),
('168','15','2025','115614757','1','2025-12-18 08:58:50'),
('169','15','2025','115614758','1','2025-12-18 08:58:58'),
('170','15','2025','116360860','1','2025-12-18 09:39:25'),
('171','15','2025','116360861','1','2025-12-18 09:39:31'),
('172','15','2025','119964601','1','2026-01-05 07:48:46'),
('173','15','2025','119492872','1','2026-01-05 07:49:05'),
('174','15','2025','119492873','1','2026-01-05 07:49:13'),
('175','15','2025','119492874','1','2026-01-05 07:49:20'),
('176','15','2025','118898280','1','2026-01-05 07:49:27'),
('177','15','2025','118410544','1','2026-01-05 07:49:34'),
('178','15','2025','116649560','1','2026-01-05 07:49:41'),
('179','15','2025','116969770','1','2026-01-05 07:49:47'),
('180','15','2025','116969771','1','2026-01-05 07:49:53'),
('181','15','2025','117177829','1','2026-01-05 07:49:59'),
('182','15','2025','117177833','1','2026-01-05 07:50:05'),
('183','15','2025','117637346','1','2026-01-05 07:50:12'),
('184','15','2025','118410545','1','2026-01-05 07:50:22'),
('185','15','2025','118410546','1','2026-01-05 07:50:28'),
('186','15','2025','118410547','1','2026-01-05 07:50:34'),
('187','15','2025','119964600','1','2026-01-05 08:11:37'),
('188','15','2025','119964599','1','2026-01-05 08:12:16'),
('189','15','2025','115852120','1','2026-01-05 08:13:37'),
('190','15','2025','115614753','1','2026-01-05 08:14:22'),
('191','15','2025','115614754','1','2026-01-05 08:14:33'),
('192','15','2025','115614755','1','2026-01-05 08:14:51'),
('193','15','2025','115614756','1','2026-01-05 08:14:58'),
('194','15','2025','115852119','1','2026-01-05 08:15:18'),
('195','15','2025','115962733','1','2026-01-05 08:15:28'),
('196','15','2025','116399433','1','2026-01-05 08:15:39'),
('197','15','2025','116404624','1','2026-01-05 08:16:05'),
('198','15','2025','116404625','1','2026-01-05 08:16:14'),
('199','15','2025','116404626','1','2026-01-05 08:16:24'),
('200','15','2025','116404627','1','2026-01-05 08:16:51'),
('201','15','2025','116404628','1','2026-01-05 08:17:26'),
('202','15','2025','116649559','1','2026-01-05 08:17:38'),
('203','15','2025','117338532','1','2026-01-05 08:17:49'),
('204','15','2025','117637340','1','2026-01-05 08:18:01'),
('205','15','2025','117637342','1','2026-01-05 08:18:08'),
('206','15','2025','117637345','1','2026-01-05 08:18:18'),
('207','15','2025','118134088','1','2026-01-05 08:18:29'),
('208','15','2025','119039455','1','2026-01-05 08:18:40'),
('209','15','2025','119039458','1','2026-01-05 08:18:51'),
('210','15','2026','121514990','1','2026-01-05 13:05:50'),
('211','15','2025','120452377','1','2026-01-05 13:07:29'),
('212','15','2025','87019042','1','2026-01-05 13:36:37'),
('213','15','2025','87002375','1','2026-01-05 13:42:42'),
('214','15','2025','87002375','1','2026-01-05 13:44:39'),
('215','15','2025','87002054','1','2026-01-05 13:46:59'),
('216','15','2025','87001982','1','2026-01-05 13:47:26'),
('217','15','2025','87018241','1','2026-01-06 08:35:57'),
('218','15','2026','121813711','1','2026-01-06 11:05:08'),
('219','15','2026','121813710','1','2026-01-06 11:05:22'),
('220','15','2026','121958722','1','2026-01-06 11:05:31'),
('221','15','2026','121970526','1','2026-01-06 11:05:41'),
('222','15','2026','121958721','1','2026-01-06 11:05:52'),
('223','15','2026','87569917','1','2026-01-07 12:13:01'),
('224','15','2025','86994085','1','2026-01-07 12:13:23'),
('225','15','2026','121518595','1','2026-01-08 09:08:56'),
('226','15','2026','122850679','1','2026-01-08 09:54:06'),
('227','15','2026','121813708','1','2026-01-08 09:54:55'),
('228','15','2026','87519033','1','2026-01-08 13:46:18'),
('229','15','2025','86992477','1','2026-01-08 14:00:15'),
('232','15','2026','122921091','1','2026-01-08 14:51:43'),
('233','15','2025','87002486','1','2026-01-08 14:56:08'),
('234','15','2025','87320894','1','2026-01-08 14:56:26'),
('235','15','2025','86993935','1','2026-01-08 14:56:45'),
('236','15','2025','86993979','1','2026-01-08 14:57:20'),
('237','15','2025','87002129','1','2026-01-08 15:00:14'),
('238','15','2025','86991330','1','2026-01-08 15:00:38'),
('239','15','2025','87302729','1','2026-01-08 15:01:39'),
('240','15','2025','87303175','1','2026-01-08 15:01:56'),
('241','15','2026','122188445','1','2026-01-08 15:03:12'),
('242','15','2026','122188434','1','2026-01-08 15:05:03'),
('243','15','2026','123429782','1','2026-01-09 14:26:57'),
('244','15','2026','123429783','1','2026-01-09 14:28:40'),
('245','15','2026','123238695','1','2026-01-09 14:29:35'),
('246','15','2026','123238696','1','2026-01-09 14:29:50'),
('247','15','2026','123238697','1','2026-01-09 14:30:09'),
('248','15','2026','88121000','1','2026-01-09 14:32:03'),
('249','15','2025','86992611','1','2026-01-09 14:32:30'),
('250','15','2025','86991459','1','2026-01-09 14:33:44'),
('251','15','2025','87018781','1','2026-01-09 14:34:02'),
('252','15','2026','124539386','1','2026-01-15 08:28:35'),
('253','15','2026','88253985','1','2026-01-15 08:36:55'),
('254','15','2025','89278000','1','2026-01-15 08:39:15'),
('255','15','2026','125045051','1','2026-01-15 12:19:53'),
('256','15','2026','125045053','1','2026-01-15 12:20:44'),
('257','15','2025','87302182','1','2026-01-15 12:22:05'),
('258','15','2025','84626182','1','2026-01-15 12:22:51'),
('259','15','2025','87519382','1','2026-01-16 12:58:36'),
('260','15','2025','87826340','1','2026-01-16 12:59:01'),
('261','15','2025','89239256','1','2026-01-16 12:59:24'),
('262','15','2025','87996220','1','2026-01-16 13:00:05'),
('263','15','2025','89451561','1','2026-01-16 13:00:55'),
('264','15','2025','89678493','1','2026-01-16 13:06:00'),
('265','15','2026','125198485','1','2026-01-16 13:12:47'),
('266','15','2026','125379503','1','2026-01-16 13:14:08'),
('267','15','2026','89678515','1','2026-01-16 13:16:10'),
('268','15','2026','87820958','1','2026-01-16 13:53:13'),
('269','15','2025','89802273','1','2026-01-19 07:39:59'),
('270','15','2026','125838457','1','2026-01-19 08:07:59');

DROP TABLE IF EXISTS `hoofdposten`;
CREATE TABLE `hoofdposten` (
  `hoofdpostId` int(11) NOT NULL AUTO_INCREMENT,
  `jaar` int(11) NOT NULL,
  `useKey` varchar(1) NOT NULL,
  `typeId` varchar(2) NOT NULL,
  `referentie` varchar(4) NOT NULL,
  `omschrijving` varchar(100) NOT NULL,
  `omschrijvingBegroting` varchar(255) NOT NULL,
  `reserve` tinyint(1) NOT NULL,
  `andere` tinyint(1) NOT NULL,
  PRIMARY KEY (`hoofdpostId`)
) ENGINE=InnoDB AUTO_INCREMENT=62 DEFAULT CHARSET=utf8mb3 COLLATE=utf8mb3_general_ci;

INSERT INTO `hoofdposten` VALUES
('1','2025','O','GO','I','Voorgaande dienstjaren','Hoofdstuk I - VOORGAANDE DIENSTJAREN','0','0'),
('2','2025','O','GO','II','Patrimonium','Hoofdstuk II - PATRIMONIUM','0','0'),
('3','2025','O','GO','III','Terugbetalingen en tussenkomsten','Hoofdstuk III - TERUGBETALINGEN EN TUSSENKOMSTEN','0','0'),
('4','2025','O','GO','IV','Inhouding op lonen','Hoofdstuk IV - INHOUDING OP LONEN','0','0'),
('5','2025','O','GO','V','Buitengewone ontvangsten','Hoofdstuk V - BUITENGEWONE ONTVANGSTEN','0','0'),
('6','2025','O','GO','VI','Diverse ontvangsten','Hoofdstuk VI - DIVERSE ONTVANGSTEN','0','0'),
('7','2025','U','GU','I','Voorgaande dienstjaren','Hoofdstuk I - VOORGAANDE DIENSTJAREN','0','0'),
('8','2025','U','GU','II','Patrimonium','Hoofdstuk II - PATRIMONIUM','0','0'),
('9','2025','U','GU','III','Bestuurskosten','Hoofdstuk III - BESTUURSKOSTEN','0','0'),
('10','2025','U','GU','IV','Werken','Hoofdstuk IV - WERKEN','0','0'),
('11','2025','U','GU','V','Schuld','Hoofdstuk V - SCHULD','0','0'),
('12','2025','U','GU','VI','Buitengewone uitgaven','Hoofdstuk VI - BUITENGEWONE UITGAVEN','0','0'),
('13','2025','U','GU','VII','Diverse uitgaven','Hoofdstuk VII - DIVERSE UITGAVEN','0','0'),
('14','2026','O','GO','I','Algemene werking','Hoofdstuk I - ALGEMENE WERKING','0','0'),
('15','2026','O','GO','II','Waterlopen','Hoofdstuk II - WATERLOPEN','0','0'),
('16','2026','O','GO','III','Kunstwerken','Hoofdstuk III - KUNSTWERKEN','0','0'),
('17','2026','O','GO','IV','Patrimonium','Hoofdstuk IV - PATRIMONIUM','0','0'),
('19','2026','O','BO','V','Roerend goed','Hoofdstuk VI - ROEREND GOED','0','0'),
('20','2026','O','BO','VI','Onroerend goed','Hoofdstuk VII - ONROEREND GOED','0','0'),
('21','2026','O','BO','VII','Inrichtings- en verbeteringsprojecten','Hoofdstuk VIII - INRICHTINGS- EN VERBETERINGSPROJECTEN','0','0'),
('22','2026','O','BO','VIII','Automatisatie & digitalisering','Hoofdstuk IX - AUTOMATISATIE & DIGITALISERING','0','0'),
('23','2026','O','BO','IX','Andere','Hoofdstuk X - ANDERE','0','1'),
('25','2026','U','GU','I','Algemene werking','Hoofdstuk I - ALGEMENE WERKING','0','0'),
('26','2026','U','GU','II','Waterlopen','Hoofdstuk II - WATERLOPEN','0','0'),
('27','2026','U','GU','III','Kunstwerken','Hoofdstuk III - KUNSTWERKEN','0','0'),
('28','2026','U','GU','IV','Patrimonium','Hoofdstuk IV - PATRIMONIUM','0','0'),
('30','2026','U','BU','V','Roerend goed','Hoofdstuk VI - ROEREND GOED','0','0'),
('31','2026','U','BU','VI','Onroerend goed','Hoofdstuk VII - ONROEREND GOED','0','0'),
('32','2026','U','BU','VII','Inrichtings- en verbeteringsprojecten','Hoofdstuk VIII - INRICHTINGS- EN VERBETERINGSPROJECTEN','0','0'),
('33','2026','U','BU','VIII','Automatisatie & digitalisering (> €3000)','Hoofdstuk IX - AUTOMATISATIE & DIGITALISERING (> €3000)','0','0'),
('34','2026','U','BU','IX','Andere','Hoofdstuk X - ANDERE','0','1'),
('36','2024','O','GO','I','Voorgaande dienstjaren','Hoofdstuk I - VOORGAANDE DIENSTJAREN','0','0'),
('37','2024','O','GO','II','Patrimonium','Hoofdstuk II - PATRIMONIUM','0','0'),
('38','2024','O','GO','III','Terugbetalingen en tussenkomsten','Hoofdstuk III - TERUGBETALINGEN EN TUSSENKOMSTEN','0','0'),
('39','2024','O','GO','IV','Inhouding op lonen','Hoofdstuk IV - INHOUDING OP LONEN','0','0'),
('40','2024','O','GO','V','Buitengewone ontvangsten','Hoofdstuk V - BUITENGEWONE ONTVANGSTEN','0','0'),
('41','2024','O','GO','VI','Diverse ontvangsten','Hoofdstuk VI - DIVERSE ONTVANGSTEN','0','0'),
('42','2024','U','GU','I','Voorgaande dienstjaren','Hoofdstuk I - VOORGAANDE DIENSTJAREN','0','0'),
('43','2024','U','GU','II','Patrimonium','Hoofdstuk II - PATRIMONIUM','0','0'),
('44','2024','U','GU','III','Bestuurskosten','Hoofdstuk III - BESTUURSKOSTEN','0','0'),
('45','2024','U','GU','IV','Werken','Hoofdstuk IV - WERKEN','0','0'),
('46','2024','U','GU','V','Schuld','Hoofdstuk V - SCHULD','0','0'),
('47','2024','U','GU','VI','Buitengewone uitgaven','Hoofdstuk VI - BUITENGEWONE UITGAVEN','0','0'),
('48','2024','U','GU','VII','Diverse uitgaven','Hoofdstuk VII - DIVERSE UITGAVEN','0','0'),
('49','2023','O','GO','I','Voorgaande dienstjaren','Hoofdstuk I - VOORGAANDE DIENSTJAREN','0','0'),
('50','2023','O','GO','II','Patrimonium','Hoofdstuk II - PATRIMONIUM','0','0'),
('51','2023','O','GO','III','Terugbetalingen en tussenkomsten','Hoofdstuk III - TERUGBETALINGEN EN TUSSENKOMSTEN','0','0'),
('52','2023','O','GO','IV','Inhouding op lonen','Hoofdstuk IV - INHOUDING OP LONEN','0','0'),
('53','2023','O','GO','V','Buitengewone ontvangsten','Hoofdstuk V - BUITENGEWONE ONTVANGSTEN','0','0'),
('54','2023','O','GO','VI','Diverse ontvangsten','Hoofdstuk VI - DIVERSE ONTVANGSTEN','0','0'),
('55','2023','U','GU','I','Voorgaande dienstjaren','Hoofdstuk I - VOORGAANDE DIENSTJAREN','0','0'),
('56','2023','U','GU','II','Patrimonium','Hoofdstuk II - PATRIMONIUM','0','0'),
('57','2023','U','GU','III','Bestuurskosten','Hoofdstuk III - BESTUURSKOSTEN','0','0'),
('58','2023','U','GU','IV','Werken','Hoofdstuk IV - WERKEN','0','0'),
('59','2023','U','GU','V','Schuld','Hoofdstuk V - SCHULD','0','0'),
('60','2023','U','GU','VI','Buitengewone uitgaven','Hoofdstuk VI - BUITENGEWONE UITGAVEN','0','0'),
('61','2023','U','GU','VII','Diverse uitgaven','Hoofdstuk VII - DIVERSE UITGAVEN','0','0');

DROP TABLE IF EXISTS `posten`;
CREATE TABLE `posten` (
  `postId` int(11) NOT NULL AUTO_INCREMENT,
  `wateringId` int(11) NOT NULL,
  `jaar` int(11) NOT NULL,
  `hoofdpostId` int(11) NOT NULL,
  `referentie` int(11) NOT NULL,
  `omschrijving` varchar(255) NOT NULL,
  `raming` decimal(15,2) NOT NULL,
  `actief` varchar(1) NOT NULL,
  `overdrachtPost` varchar(1) NOT NULL,
  PRIMARY KEY (`postId`)
) ENGINE=InnoDB AUTO_INCREMENT=468 DEFAULT CHARSET=utf8mb3 COLLATE=utf8mb3_general_ci;

INSERT INTO `posten` VALUES
('1','13','2026','14','1','Vorige dienstjaren','0.00','X',''),
('2','13','2026','14','2','Inning werkingsmiddelen ','0.00','X',''),
('3','13','2026','14','3','Bijeenkomsten','0.00','X',''),
('4','13','2026','14','4','Suatierecht','0.00','X',''),
('5','13','2026','14','5','Tegemoetkoming in personeelskosten','0.00','X',''),
('6','13','2026','14','6','Sociale bijdragen','0.00','X',''),
('7','13','2026','14','7','Verzekeringen','0.00','X',''),
('8','13','2026','14','8','Intrest','0.00','X',''),
('9','13','2026','14','9','Ruwwaterlevering','0.00','X',''),
('10','13','2026','14','10','PR','0.00','X',''),
('11','13','2026','14','11','Terug te vorderen kosten eigen aan de werking','0.00','X',''),
('12','13','2026','14','12','Vergunningen/licenties/machtigingen','0.00','X',''),
('13','13','2026','14','13','Verkeerdelijk gestorte bedragen','0.00','X',''),
('14','13','2026','15','14','Vorige dienstjaren','0.00','X',''),
('15','13','2026','15','15','2e categorie eigen dienstjaar','0.00','X',''),
('16','13','2026','15','16','3e categorie eigen dienstjaar','0.00','X',''),
('17','13','2026','15','17','Andere','0.00','X',''),
('18','13','2026','16','18','Vorige dienstjaren','0.00','X',''),
('19','13','2026','16','19','De Vlaamse Waterweg','0.00','X',''),
('20','13','2026','16','20','VMM','0.00','X',''),
('21','13','2026','16','21','Provincie','0.00','X',''),
('22','13','2026','16','22','Gemeenten','0.00','X',''),
('23','13','2026','16','23','Andere','0.00','X',''),
('24','13','2026','17','24','Vorige dienstjaren','0.00','X',''),
('25','13','2026','17','25','Verhuringen','0.00','X',''),
('26','13','2026','17','26','Groenbeheer','0.00','X',''),
('27','13','2026','17','27','(On)roerende voorheffing en belastingen','0.00','X',''),
('28','13','2026','17','28','Wegenis','0.00','X',''),
('29','13','2026','19','29','Verkoop van roerend goed','0.00','X',''),
('30','13','2026','19','30','Subsidie voor aankoop rollend materieel','0.00','X',''),
('31','13','2026','19','31','Lening','0.00','X',''),
('32','13','2026','20','32','Verkoop van onroerend goed','0.00','X',''),
('33','13','2026','20','33','Subsidie voor aankoop gebouwen','0.00','X',''),
('34','13','2026','20','34','Subsidie voor aankoop terreinen','0.00','X',''),
('35','13','2026','20','35','Lening','0.00','X',''),
('36','13','2026','21','36','Vlaanderen','0.00','X',''),
('37','13','2026','21','37','Provincie','0.00','X',''),
('38','13','2026','21','38','Andere','0.00','X',''),
('39','13','2026','21','39','Lening','0.00','X',''),
('40','13','2026','22','40','Vlaanderen','0.00','X',''),
('41','13','2026','22','41','Provincie','0.00','X',''),
('42','13','2026','22','42','Andere','0.00','X',''),
('43','13','2026','22','43','Lening','0.00','X',''),
('44','13','2026','25','1','Vorige dienstjaren','0.00','X',''),
('45','13','2026','25','2','Inningskosten ','0.00','X',''),
('46','13','2026','25','3','Bijeenkomsten ','0.00','X',''),
('47','13','2026','25','4','Personeelskosten','0.00','X',''),
('48','13','2026','25','5','Bestuurskosten','0.00','X',''),
('49','13','2026','25','6','Sociale bijdragen en beheerskosten sociaal secretariaat','0.00','X',''),
('50','13','2026','25','7','Verzekeringen','0.00','X',''),
('51','13','2026','25','8','Bankkosten','0.00','X',''),
('52','13','2026','25','9','Erelonen','0.00','X',''),
('53','13','2026','25','10','Kantoorkosten','0.00','X',''),
('54','13','2026','25','11','Water, verwarming, elektriciteit ','0.00','X',''),
('55','13','2026','25','12','ICT (hardware, software, abonnementen)','0.00','X',''),
('56','13','2026','25','13','Lidmaatschappen','0.00','X',''),
('57','13','2026','25','14','PR','0.00','X',''),
('58','13','2026','25','15','Terug te vorderen kosten eigen aan de werking ','0.00','X',''),
('59','13','2026','25','16','Vergunningen/licenties/machtigingen','0.00','X',''),
('60','13','2026','25','17','Terugbetaling verkeerdelijk gestorte sommen','0.00','X',''),
('61','13','2026','26','18','Vorige dienstjaren','0.00','X',''),
('62','13','2026','26','19','2e categorie eigen dienstjaar','0.00','X',''),
('63','13','2026','26','20','3e categorie eigen dienstjaar','0.00','X',''),
('64','13','2026','26','21','Publieke grachten eigen dienstjaar','0.00','X',''),
('65','13','2026','26','22','Andere','0.00','X',''),
('66','13','2026','27','23','Vorige dienstjaren','0.00','X',''),
('67','13','2026','27','24','De Vlaamse Waterweg','0.00','X',''),
('68','13','2026','27','25','VMM','0.00','X',''),
('69','13','2026','27','26','Provincie','0.00','X',''),
('70','13','2026','27','27','Gemeenten','0.00','X',''),
('71','13','2026','27','28','Eigen kunstwerken','0.00','X',''),
('72','13','2026','27','29','Andere','0.00','X',''),
('73','13','2026','28','30','Vorige dienstjaren','0.00','X',''),
('74','13','2026','28','31','Huur','0.00','X',''),
('75','13','2026','28','32','Groenbeheer','0.00','X',''),
('76','13','2026','28','33','(On)roerende voorheffing en belastingen','0.00','X',''),
('77','13','2026','28','34','Kleine herstellingen en onderhoud kantoor- en andere gebouwen (< €3000)','0.00','X',''),
('78','13','2026','28','35','Kleine herstellingen en onderhoud rollend materieel','0.00','X',''),
('79','13','2026','28','36','Gereedschappen en materieel','0.00','X',''),
('80','13','2026','28','37','Wegenis','0.00','X',''),
('81','13','2026','30','38','Verwerving van roerend goed','0.00','X',''),
('82','13','2026','30','39','Rollend materieel','0.00','X',''),
('83','13','2026','30','40','Lening','0.00','X',''),
('84','13','2026','31','41','Verwerving van onroerend goed','0.00','X',''),
('85','13','2026','31','42','Gebouwen','0.00','X',''),
('86','13','2026','31','43','Terreinen','0.00','X',''),
('87','13','2026','31','44','Lening','0.00','X',''),
('88','13','2026','32','45','Studiekosten','0.00','X',''),
('89','13','2026','32','46','Uitvoering','0.00','X',''),
('90','13','2026','32','47','Andere','0.00','X',''),
('91','13','2026','32','48','Lening','0.00','X',''),
('92','13','2026','33','49','Andere','0.00','X',''),
('93','14','2026','14','1','Vorige dienstjaren','0.00','X',''),
('94','14','2026','14','2','Inning werkingsmiddelen ','0.00','X',''),
('95','14','2026','14','3','Bijeenkomsten','0.00','X',''),
('96','14','2026','14','4','Suatierecht','0.00','X',''),
('97','14','2026','14','5','Tegemoetkoming in personeelskosten','0.00','X',''),
('98','14','2026','14','6','Sociale bijdragen','0.00','X',''),
('99','14','2026','14','7','Verzekeringen','0.00','X',''),
('100','14','2026','14','8','Intrest','0.00','X',''),
('101','14','2026','14','9','Ruwwaterlevering','0.00','X',''),
('102','14','2026','14','10','PR','0.00','X',''),
('103','14','2026','14','11','Terug te vorderen kosten eigen aan de werking','0.00','X',''),
('104','14','2026','14','12','Vergunningen/licenties/machtigingen','0.00','X',''),
('105','14','2026','14','13','Verkeerdelijk gestorte bedragen','0.00','X',''),
('106','14','2026','15','14','Vorige dienstjaren','0.00','X',''),
('107','14','2026','15','15','2e categorie eigen dienstjaar','0.00','X',''),
('108','14','2026','15','16','3e categorie eigen dienstjaar','0.00','X',''),
('109','14','2026','15','17','Andere','0.00','X',''),
('110','14','2026','16','18','Vorige dienstjaren','0.00','X',''),
('111','14','2026','16','19','De Vlaamse Waterweg','0.00','X',''),
('112','14','2026','16','20','VMM','0.00','X',''),
('113','14','2026','16','21','Provincie','0.00','X',''),
('114','14','2026','16','22','Gemeenten','0.00','X',''),
('115','14','2026','16','23','Andere','0.00','X',''),
('116','14','2026','17','24','Vorige dienstjaren','0.00','X',''),
('117','14','2026','17','25','Verhuringen','0.00','X',''),
('118','14','2026','17','26','Groenbeheer','0.00','X',''),
('119','14','2026','17','27','(On)roerende voorheffing en belastingen','0.00','X',''),
('120','14','2026','17','28','Wegenis','0.00','X',''),
('121','14','2026','19','29','Verkoop van roerend goed','0.00','X',''),
('122','14','2026','19','30','Subsidie voor aankoop rollend materieel','0.00','X',''),
('123','14','2026','19','31','Lening','0.00','X',''),
('124','14','2026','20','32','Verkoop van onroerend goed','0.00','X',''),
('125','14','2026','20','33','Subsidie voor aankoop gebouwen','0.00','X',''),
('126','14','2026','20','34','Subsidie voor aankoop terreinen','0.00','X',''),
('127','14','2026','20','35','Lening','0.00','X',''),
('128','14','2026','21','36','Vlaanderen','0.00','X',''),
('129','14','2026','21','37','Provincie','0.00','X',''),
('130','14','2026','21','38','Andere','0.00','X',''),
('131','14','2026','21','39','Lening','0.00','X',''),
('132','14','2026','22','40','Vlaanderen','0.00','X',''),
('133','14','2026','22','41','Provincie','0.00','X',''),
('134','14','2026','22','42','Andere','0.00','X',''),
('135','14','2026','22','43','Lening','0.00','X',''),
('136','14','2026','25','1','Vorige dienstjaren','0.00','X',''),
('137','14','2026','25','2','Inningskosten ','0.00','X',''),
('138','14','2026','25','3','Bijeenkomsten ','0.00','X',''),
('139','14','2026','25','4','Personeelskosten','0.00','X',''),
('140','14','2026','25','5','Bestuurskosten','0.00','X',''),
('141','14','2026','25','6','Sociale bijdragen en beheerskosten sociaal secretariaat','0.00','X',''),
('142','14','2026','25','7','Verzekeringen','0.00','X',''),
('143','14','2026','25','8','Bankkosten','0.00','X',''),
('144','14','2026','25','9','Erelonen','0.00','X',''),
('145','14','2026','25','10','Kantoorkosten','0.00','X',''),
('146','14','2026','25','11','Water, verwarming, elektriciteit ','0.00','X',''),
('147','14','2026','25','12','ICT (hardware, software, abonnementen)','0.00','X',''),
('148','14','2026','25','13','Lidmaatschappen','0.00','X',''),
('149','14','2026','25','14','PR','0.00','X',''),
('150','14','2026','25','15','Terug te vorderen kosten eigen aan de werking ','0.00','X',''),
('151','14','2026','25','16','Vergunningen/licenties/machtigingen','0.00','X',''),
('152','14','2026','25','17','Terugbetaling verkeerdelijk gestorte sommen','0.00','X',''),
('153','14','2026','26','18','Vorige dienstjaren','0.00','X',''),
('154','14','2026','26','19','2e categorie eigen dienstjaar','0.00','X',''),
('155','14','2026','26','20','3e categorie eigen dienstjaar','0.00','X',''),
('156','14','2026','26','21','Publieke grachten eigen dienstjaar','0.00','X',''),
('157','14','2026','26','22','Andere','0.00','X',''),
('158','14','2026','27','23','Vorige dienstjaren','0.00','X',''),
('159','14','2026','27','24','De Vlaamse Waterweg','0.00','X',''),
('160','14','2026','27','25','VMM','0.00','X',''),
('161','14','2026','27','26','Provincie','0.00','X',''),
('162','14','2026','27','27','Gemeenten','0.00','X',''),
('163','14','2026','27','28','Eigen kunstwerken','0.00','X',''),
('164','14','2026','27','29','Andere','0.00','X',''),
('165','14','2026','28','30','Vorige dienstjaren','0.00','X',''),
('166','14','2026','28','31','Huur','0.00','X',''),
('167','14','2026','28','32','Groenbeheer','0.00','X',''),
('168','14','2026','28','33','(On)roerende voorheffing en belastingen','0.00','X',''),
('169','14','2026','28','34','Kleine herstellingen en onderhoud kantoor- en andere gebouwen (< €3000)','0.00','X',''),
('170','14','2026','28','35','Kleine herstellingen en onderhoud rollend materieel','0.00','X',''),
('171','14','2026','28','36','Gereedschappen en materieel','0.00','X',''),
('172','14','2026','28','37','Wegenis','0.00','X',''),
('173','14','2026','30','38','Verwerving van roerend goed','0.00','X',''),
('174','14','2026','30','39','Rollend materieel','0.00','X',''),
('175','14','2026','30','40','Lening','0.00','X',''),
('176','14','2026','31','41','Verwerving van onroerend goed','0.00','X',''),
('177','14','2026','31','42','Gebouwen','0.00','X',''),
('178','14','2026','31','43','Terreinen','0.00','X',''),
('179','14','2026','31','44','Lening','0.00','X',''),
('180','14','2026','32','45','Studiekosten','0.00','X',''),
('181','14','2026','32','46','Uitvoering','0.00','X',''),
('182','14','2026','32','47','Andere','0.00','X',''),
('183','14','2026','32','48','Lening','0.00','X',''),
('184','14','2026','33','49','Andere','0.00','X',''),
('185','15','2026','14','1','Vorige dienstjaren','0.00','X',''),
('186','15','2026','14','2','Inning werkingsmiddelen ','0.00','X',''),
('187','15','2026','14','3','Bijeenkomsten','1500.00','X',''),
('188','15','2026','14','4','Suatierecht','1600.00','X',''),
('189','15','2026','14','5','Tegemoetkoming in personeelskosten','0.00','X',''),
('190','15','2026','14','6','Sociale bijdragen','0.00','X',''),
('191','15','2026','14','7','Verzekeringen','0.00','X',''),
('192','15','2026','14','8','Intrest','0.00','X',''),
('193','15','2026','14','9','Ruwwaterlevering','0.00','X',''),
('194','15','2026','14','10','PR','0.00','X',''),
('195','15','2026','14','11','Terug te vorderen kosten eigen aan de werking','0.00','X',''),
('196','15','2026','14','12','Vergunningen/licenties/machtigingen','0.00','X',''),
('197','15','2026','14','13','Verkeerdelijk gestorte bedragen','0.00','X',''),
('198','15','2026','15','14','Vorige dienstjaren','0.00','X',''),
('199','15','2026','15','15','2e categorie eigen dienstjaar','0.00','X',''),
('200','15','2026','15','16','3e categorie eigen dienstjaar','0.00','X',''),
('201','15','2026','15','17','Andere','10000.00','X',''),
('202','15','2026','16','18','Vorige dienstjaren','0.00','X',''),
('203','15','2026','16','19','De Vlaamse Waterweg','0.00','X',''),
('204','15','2026','16','20','VMM','30000.00','X',''),
('205','15','2026','16','21','Provincie','76000.00','X',''),
('206','15','2026','16','22','Gemeenten','0.00','X',''),
('207','15','2026','16','23','Andere','0.00','X',''),
('208','15','2026','17','24','Vorige dienstjaren','0.00','X',''),
('209','15','2026','17','25','Verhuringen','0.00','X',''),
('210','15','2026','17','26','Groenbeheer','0.00','X',''),
('211','15','2026','17','27','(On)roerende voorheffing en belastingen','0.00','X',''),
('212','15','2026','17','28','Wegenis','0.00','X',''),
('213','15','2026','19','29','Verkoop van roerend goed','0.00','',''),
('214','15','2026','19','30','Subsidie voor aankoop rollend materieel','0.00','',''),
('215','15','2026','19','31','Lening','0.00','',''),
('216','15','2026','20','32','Verkoop van onroerend goed','0.00','',''),
('217','15','2026','20','33','Subsidie voor aankoop gebouwen','0.00','',''),
('218','15','2026','20','34','Subsidie voor aankoop terreinen','0.00','',''),
('219','15','2026','20','35','Lening','0.00','',''),
('220','15','2026','21','36','Vlaanderen','0.00','',''),
('221','15','2026','21','37','Provincie','0.00','',''),
('222','15','2026','21','38','Andere','0.00','',''),
('223','15','2026','21','39','Lening','0.00','',''),
('224','15','2026','22','40','Vlaanderen','0.00','',''),
('225','15','2026','22','41','Provincie','0.00','',''),
('226','15','2026','22','42','Andere','97000.00','X',''),
('227','15','2026','22','43','Lening','0.00','',''),
('228','15','2026','25','1','Vorige dienstjaren','0.00','X',''),
('229','15','2026','25','2','Inningskosten ','15000.00','X',''),
('230','15','2026','25','3','Bijeenkomsten ','0.00','X',''),
('231','15','2026','25','4','Personeelskosten','340500.00','X',''),
('232','15','2026','25','5','Bestuurskosten','23000.00','X',''),
('233','15','2026','25','6','Sociale bijdragen en beheerskosten sociaal secretariaat','247000.00','X',''),
('234','15','2026','25','7','Verzekeringen','41500.00','X',''),
('235','15','2026','25','8','Bankkosten','700.00','X',''),
('236','15','2026','25','9','Erelonen','5000.00','X',''),
('237','15','2026','25','10','Kantoorkosten','6000.00','X',''),
('238','15','2026','25','11','Water, verwarming, elektriciteit ','3500.00','X',''),
('239','15','2026','25','12','ICT (hardware, software, abonnementen)','8500.00','X',''),
('240','15','2026','25','13','Lidmaatschappen','9000.00','X',''),
('241','15','2026','25','14','PR','0.00','X',''),
('242','15','2026','25','15','Terug te vorderen kosten eigen aan de werking ','0.00','X',''),
('243','15','2026','25','16','Vergunningen/licenties/machtigingen','500.00','X',''),
('244','15','2026','25','17','Terugbetaling verkeerdelijk gestorte sommen','0.00','X',''),
('245','15','2026','26','18','Vorige dienstjaren','0.00','X',''),
('246','15','2026','26','19','2e categorie eigen dienstjaar','673500.00','X',''),
('247','15','2026','26','20','3e categorie eigen dienstjaar','0.00','X',''),
('248','15','2026','26','21','Publieke grachten eigen dienstjaar','452000.00','X',''),
('249','15','2026','26','22','Andere','0.00','X',''),
('250','15','2026','27','23','Vorige dienstjaren','0.00','X',''),
('251','15','2026','27','24','De Vlaamse Waterweg','0.00','',''),
('252','15','2026','27','25','VMM','2000.00','X',''),
('253','15','2026','27','26','Provincie','36000.00','X',''),
('254','15','2026','27','27','Gemeenten','0.00','',''),
('255','15','2026','27','28','Eigen kunstwerken','0.00','',''),
('256','15','2026','27','29','Andere','0.00','',''),
('257','15','2026','28','30','Vorige dienstjaren','12500.00','X',''),
('258','15','2026','28','31','Huur','8500.00','X',''),
('259','15','2026','28','32','Groenbeheer','16500.00','X',''),
('260','15','2026','28','33','(On)roerende voorheffing en belastingen','2000.00','X',''),
('261','15','2026','28','34','Kleine herstellingen en onderhoud kantoor- en andere gebouwen (< €3000)','7000.00','X',''),
('262','15','2026','28','35','Kleine herstellingen en onderhoud rollend materieel','21000.00','X',''),
('263','15','2026','28','36','Gereedschappen en materieel','10500.00','X',''),
('264','15','2026','28','37','Wegenis','0.00','X',''),
('265','15','2026','30','38','Verwerving van roerend goed','0.00','X',''),
('266','15','2026','30','39','Rollend materieel','0.00','X',''),
('267','15','2026','30','40','Lening','0.00','',''),
('268','15','2026','31','41','Verwerving van onroerend goed','0.00','',''),
('269','15','2026','31','42','Gebouwen','0.00','X',''),
('270','15','2026','31','43','Terreinen','0.00','',''),
('271','15','2026','31','44','Lening','0.00','X',''),
('272','15','2026','32','45','Studiekosten','25000.00','X',''),
('273','15','2026','32','46','Uitvoering','42000.00','X',''),
('274','15','2026','32','47','Andere','0.00','',''),
('275','15','2026','32','48','Lening','0.00','',''),
('276','15','2026','33','49','Andere','11500.00','X',''),
('277','16','2026','14','1','Vorige dienstjaren','0.00','X',''),
('278','16','2026','14','2','Inning werkingsmiddelen ','0.00','X',''),
('279','16','2026','14','3','Bijeenkomsten','0.00','X',''),
('280','16','2026','14','4','Suatierecht','0.00','X',''),
('281','16','2026','14','5','Tegemoetkoming in personeelskosten','0.00','X',''),
('282','16','2026','14','6','Sociale bijdragen','0.00','X',''),
('283','16','2026','14','7','Verzekeringen','0.00','X',''),
('284','16','2026','14','8','Intrest','0.00','X',''),
('285','16','2026','14','9','Ruwwaterlevering','0.00','X',''),
('286','16','2026','14','10','PR','0.00','X',''),
('287','16','2026','14','11','Terug te vorderen kosten eigen aan de werking','0.00','X',''),
('288','16','2026','14','12','Vergunningen/licenties/machtigingen','0.00','X',''),
('289','16','2026','14','13','Verkeerdelijk gestorte bedragen','0.00','X',''),
('290','16','2026','15','14','Vorige dienstjaren','0.00','X',''),
('291','16','2026','15','15','2e categorie eigen dienstjaar','0.00','X',''),
('292','16','2026','15','16','3e categorie eigen dienstjaar','0.00','X',''),
('293','16','2026','15','17','Andere','0.00','X',''),
('294','16','2026','16','18','Vorige dienstjaren','0.00','X',''),
('295','16','2026','16','19','De Vlaamse Waterweg','0.00','X',''),
('296','16','2026','16','20','VMM','0.00','X',''),
('297','16','2026','16','21','Provincie','0.00','X',''),
('298','16','2026','16','22','Gemeenten','0.00','X',''),
('299','16','2026','16','23','Andere','0.00','X',''),
('300','16','2026','17','24','Vorige dienstjaren','0.00','X',''),
('301','16','2026','17','25','Verhuringen','0.00','X',''),
('302','16','2026','17','26','Groenbeheer','0.00','X',''),
('303','16','2026','17','27','(On)roerende voorheffing en belastingen','0.00','X',''),
('304','16','2026','17','28','Wegenis','0.00','X',''),
('305','16','2026','19','29','Verkoop van roerend goed','0.00','X',''),
('306','16','2026','19','30','Subsidie voor aankoop rollend materieel','0.00','X',''),
('307','16','2026','19','31','Lening','0.00','X',''),
('308','16','2026','20','32','Verkoop van onroerend goed','0.00','X',''),
('309','16','2026','20','33','Subsidie voor aankoop gebouwen','0.00','X',''),
('310','16','2026','20','34','Subsidie voor aankoop terreinen','0.00','X',''),
('311','16','2026','20','35','Lening','0.00','X',''),
('312','16','2026','21','36','Vlaanderen','0.00','X',''),
('313','16','2026','21','37','Provincie','0.00','X',''),
('314','16','2026','21','38','Andere','0.00','X',''),
('315','16','2026','21','39','Lening','0.00','X',''),
('316','16','2026','22','40','Vlaanderen','0.00','X',''),
('317','16','2026','22','41','Provincie','0.00','X',''),
('318','16','2026','22','42','Andere','0.00','X',''),
('319','16','2026','22','43','Lening','0.00','X',''),
('320','16','2026','25','1','Vorige dienstjaren','0.00','X',''),
('321','16','2026','25','2','Inningskosten ','0.00','X',''),
('322','16','2026','25','3','Bijeenkomsten ','0.00','X',''),
('323','16','2026','25','4','Personeelskosten','0.00','X',''),
('324','16','2026','25','5','Bestuurskosten','0.00','X',''),
('325','16','2026','25','6','Sociale bijdragen en beheerskosten sociaal secretariaat','0.00','X',''),
('326','16','2026','25','7','Verzekeringen','0.00','X',''),
('327','16','2026','25','8','Bankkosten','0.00','X',''),
('328','16','2026','25','9','Erelonen','0.00','X',''),
('329','16','2026','25','10','Kantoorkosten','0.00','X',''),
('330','16','2026','25','11','Water, verwarming, elektriciteit ','0.00','X',''),
('331','16','2026','25','12','ICT (hardware, software, abonnementen)','0.00','X',''),
('332','16','2026','25','13','Lidmaatschappen','0.00','X',''),
('333','16','2026','25','14','PR','0.00','X',''),
('334','16','2026','25','15','Terug te vorderen kosten eigen aan de werking ','0.00','X',''),
('335','16','2026','25','16','Vergunningen/licenties/machtigingen','0.00','X',''),
('336','16','2026','25','17','Terugbetaling verkeerdelijk gestorte sommen','0.00','X',''),
('337','16','2026','26','18','Vorige dienstjaren','0.00','X',''),
('338','16','2026','26','19','2e categorie eigen dienstjaar','0.00','X',''),
('339','16','2026','26','20','3e categorie eigen dienstjaar','0.00','X',''),
('340','16','2026','26','21','Publieke grachten eigen dienstjaar','0.00','X',''),
('341','16','2026','26','22','Andere','0.00','X',''),
('342','16','2026','27','23','Vorige dienstjaren','0.00','X',''),
('343','16','2026','27','24','De Vlaamse Waterweg','0.00','X',''),
('344','16','2026','27','25','VMM','0.00','X',''),
('345','16','2026','27','26','Provincie','0.00','X',''),
('346','16','2026','27','27','Gemeenten','0.00','X',''),
('347','16','2026','27','28','Eigen kunstwerken','0.00','X',''),
('348','16','2026','27','29','Andere','0.00','X',''),
('349','16','2026','28','30','Vorige dienstjaren','0.00','X',''),
('350','16','2026','28','31','Huur','0.00','X',''),
('351','16','2026','28','32','Groenbeheer','0.00','X',''),
('352','16','2026','28','33','(On)roerende voorheffing en belastingen','0.00','X',''),
('353','16','2026','28','34','Kleine herstellingen en onderhoud kantoor- en andere gebouwen (< €3000)','0.00','X',''),
('354','16','2026','28','35','Kleine herstellingen en onderhoud rollend materieel','0.00','X',''),
('355','16','2026','28','36','Gereedschappen en materieel','0.00','X',''),
('356','16','2026','28','37','Wegenis','0.00','X',''),
('357','16','2026','30','38','Verwerving van roerend goed','0.00','X',''),
('358','16','2026','30','39','Rollend materieel','0.00','X',''),
('359','16','2026','30','40','Lening','0.00','X',''),
('360','16','2026','31','41','Verwerving van onroerend goed','0.00','X',''),
('361','16','2026','31','42','Gebouwen','0.00','X',''),
('362','16','2026','31','43','Terreinen','0.00','X',''),
('363','16','2026','31','44','Lening','0.00','X',''),
('364','16','2026','32','45','Studiekosten','0.00','X',''),
('365','16','2026','32','46','Uitvoering','0.00','X',''),
('366','16','2026','32','47','Andere','0.00','X',''),
('367','16','2026','32','48','Lening','0.00','X',''),
('368','16','2026','33','49','Andere','0.00','X',''),
('369','17','2026','14','1','Vorige dienstjaren','0.00','X',''),
('370','17','2026','14','2','Inning werkingsmiddelen ','0.00','X',''),
('371','17','2026','14','3','Bijeenkomsten','0.00','X',''),
('372','17','2026','14','4','Suatierecht','120000.09','X',''),
('373','17','2026','14','5','Tegemoetkoming in personeelskosten','0.00','X',''),
('374','17','2026','14','6','Sociale bijdragen','0.00','X',''),
('375','17','2026','14','7','Verzekeringen','0.00','X',''),
('376','17','2026','14','8','Intrest','0.00','X',''),
('377','17','2026','14','9','Ruwwaterlevering','0.00','X',''),
('378','17','2026','14','10','PR','0.00','X',''),
('379','17','2026','14','11','Terug te vorderen kosten eigen aan de werking','0.00','X',''),
('380','17','2026','14','12','Vergunningen/licenties/machtigingen','0.00','X',''),
('381','17','2026','14','13','Verkeerdelijk gestorte bedragen','0.00','X',''),
('382','17','2026','15','14','Vorige dienstjaren','0.00','X',''),
('383','17','2026','15','15','2e categorie eigen dienstjaar','0.00','X',''),
('384','17','2026','15','16','3e categorie eigen dienstjaar','0.00','X',''),
('385','17','2026','15','17','Andere','0.00','X',''),
('386','17','2026','16','18','Vorige dienstjaren','0.00','X',''),
('387','17','2026','16','19','De Vlaamse Waterweg','0.00','X',''),
('388','17','2026','16','20','VMM','0.00','X',''),
('389','17','2026','16','21','Provincie','0.00','X',''),
('390','17','2026','16','22','Gemeenten','0.00','X',''),
('391','17','2026','16','23','Andere','0.00','X',''),
('392','17','2026','17','24','Vorige dienstjaren','0.00','X',''),
('393','17','2026','17','25','Verhuringen','0.00','X',''),
('394','17','2026','17','26','Groenbeheer','0.00','X',''),
('395','17','2026','17','27','(On)roerende voorheffing en belastingen','0.00','X',''),
('396','17','2026','17','28','Wegenis','0.00','X',''),
('397','17','2026','19','29','Verkoop van roerend goed','0.00','X',''),
('398','17','2026','19','30','Subsidie voor aankoop rollend materieel','0.00','X',''),
('399','17','2026','19','31','Lening','0.00','X',''),
('400','17','2026','20','32','Verkoop van onroerend goed','0.00','X',''),
('401','17','2026','20','33','Subsidie voor aankoop gebouwen','0.00','X',''),
('402','17','2026','20','34','Subsidie voor aankoop terreinen','0.00','X',''),
('403','17','2026','20','35','Lening','0.00','X',''),
('404','17','2026','21','36','Vlaanderen','0.00','X',''),
('405','17','2026','21','37','Provincie','0.00','X',''),
('406','17','2026','21','38','Andere','0.00','X',''),
('407','17','2026','21','39','Lening','0.00','X',''),
('408','17','2026','22','40','Vlaanderen','0.00','X',''),
('409','17','2026','22','41','Provincie','0.00','X',''),
('410','17','2026','22','42','Andere','0.00','X',''),
('411','17','2026','22','43','Lening','0.00','X',''),
('412','17','2026','25','1','Vorige dienstjaren','0.00','X',''),
('413','17','2026','25','2','Inningskosten ','0.00','X',''),
('414','17','2026','25','3','Bijeenkomsten ','0.00','X',''),
('415','17','2026','25','4','Personeelskosten','0.00','X',''),
('416','17','2026','25','5','Bestuurskosten','0.00','X',''),
('417','17','2026','25','6','Sociale bijdragen en beheerskosten sociaal secretariaat','0.00','X',''),
('418','17','2026','25','7','Verzekeringen','0.00','X',''),
('419','17','2026','25','8','Bankkosten','0.00','X',''),
('420','17','2026','25','9','Erelonen','3000.00','X',''),
('421','17','2026','25','10','Kantoorkosten','0.00','X',''),
('422','17','2026','25','11','Water, verwarming, elektriciteit ','0.00','X',''),
('423','17','2026','25','12','ICT (hardware, software, abonnementen)','0.00','X',''),
('424','17','2026','25','13','Lidmaatschappen','0.00','X',''),
('425','17','2026','25','14','PR','0.00','X',''),
('426','17','2026','25','15','Terug te vorderen kosten eigen aan de werking ','0.00','X',''),
('427','17','2026','25','16','Vergunningen/licenties/machtigingen','350.00','X',''),
('428','17','2026','25','17','Terugbetaling verkeerdelijk gestorte sommen','0.00','X',''),
('429','17','2026','26','18','Vorige dienstjaren','0.00','X',''),
('430','17','2026','26','19','2e categorie eigen dienstjaar','0.00','X',''),
('431','17','2026','26','20','3e categorie eigen dienstjaar','0.00','X',''),
('432','17','2026','26','21','Publieke grachten eigen dienstjaar','0.00','X',''),
('433','17','2026','26','22','Andere','0.00','X',''),
('434','17','2026','27','23','Vorige dienstjaren','0.00','X',''),
('435','17','2026','27','24','De Vlaamse Waterweg','0.00','X',''),
('436','17','2026','27','25','VMM','0.00','X',''),
('437','17','2026','27','26','Provincie','0.00','X',''),
('438','17','2026','27','27','Gemeenten','0.00','X',''),
('439','17','2026','27','28','Eigen kunstwerken','0.00','X',''),
('440','17','2026','27','29','Andere','0.00','X',''),
('441','17','2026','28','30','Vorige dienstjaren','0.00','X',''),
('442','17','2026','28','31','Huur','0.00','X',''),
('443','17','2026','28','32','Groenbeheer','0.00','X',''),
('444','17','2026','28','33','(On)roerende voorheffing en belastingen','0.00','X',''),
('445','17','2026','28','34','Kleine herstellingen en onderhoud kantoor- en andere gebouwen (< €3000)','0.00','X',''),
('446','17','2026','28','35','Kleine herstellingen en onderhoud rollend materieel','0.00','X',''),
('447','17','2026','28','36','Gereedschappen en materieel','0.00','X',''),
('448','17','2026','28','37','Wegenis','0.00','X',''),
('449','17','2026','30','38','Verwerving van roerend goed','0.00','X',''),
('450','17','2026','30','39','Rollend materieel','0.00','X',''),
('451','17','2026','30','40','Lening','0.00','X',''),
('452','17','2026','31','41','Verwerving van onroerend goed','0.00','X',''),
('453','17','2026','31','42','Gebouwen','0.00','X',''),
('454','17','2026','31','43','Terreinen','0.00','X',''),
('455','17','2026','31','44','Lening','0.00','X',''),
('456','17','2026','32','45','Studiekosten','0.00','X',''),
('457','17','2026','32','46','Uitvoering','0.00','X',''),
('458','17','2026','32','47','Andere','0.00','X',''),
('459','17','2026','32','48','Lening','0.00','X',''),
('460','17','2026','33','49','Andere','10000.00','X',''),
('461','15','2026','34','50','Andere','0.00','',''),
('462','15','2026','23','44','Andere','0.00','',''),
('463','17','2026','23','44','Boni saldo','69906.06','X',''),
('464','17','2026','23','45','Onvoorzien buitengewone ontvangsten','0.00','X',''),
('465','17','2026','34','50','Onvoorzien buitengewone uitgaven','0.00','X',''),
('466','17','2026','34','51','Onvoorzien buitengewone uitgaven','0.00','',''),
('467','17','2026','34','52','Mali saldo','0.00','X','');

DROP TABLE IF EXISTS `rekeningen`;
CREATE TABLE `rekeningen` (
  `rekeningId` int(11) NOT NULL AUTO_INCREMENT,
  `wateringId` int(11) NOT NULL,
  `jaar` int(11) NOT NULL,
  `rekening` varchar(30) NOT NULL,
  `omschrijving` varchar(255) NOT NULL,
  `positie` int(11) NOT NULL,
  `overdracht` decimal(15,2) NOT NULL,
  `actief` varchar(1) NOT NULL,
  `afgesloten` varchar(1) NOT NULL,
  PRIMARY KEY (`rekeningId`)
) ENGINE=InnoDB AUTO_INCREMENT=15 DEFAULT CHARSET=utf8mb3 COLLATE=utf8mb3_general_ci;

INSERT INTO `rekeningen` VALUES
('1','13','2026','KAS','','0','0.00','X',''),
('2','13','2026','BE45 1430 8908 3689','ZR Fintro','1','0.00','X',''),
('3','13','2026','BE97 1448 7706 1249','SR Fintro','2','0.00','X',''),
('4','14','2026','KAS','','0','0.00','X',''),
('5','14','2026','BE11 0910 0161 2148','Zichtrekening Belfius','1','0.00','X',''),
('6','14','2026','BE97 0910 0161 2249','Toelagen en Leningsgelden Belfius','999','0.00','',''),
('7','14','2026','BE26 0910 1221 2329','Beleggingsrekening Belfius','999','0.00','',''),
('8','15','2026','KAS','','0','0.00','X',''),
('9','16','2026','KAS','','0','0.00','X',''),
('10','17','2026','KAS','','0','0.00','X',''),
('11','15','2026','BE81 3631 3645 8024','ING','1','197583.12','X',''),
('12','15','2026','BE70 7388 0210 3025','KBC','2','441942.14','X',''),
('13','16','2026','BE08 0910 0240 4013','Lopende rekening','1','2025.00','X',''),
('14','16','2026','BE53 0910 0240 8053','Rekening belastingen','2','2025.00','X','');

DROP TABLE IF EXISTS `reserve`;
CREATE TABLE `reserve` (
  `reserveId` int(11) NOT NULL AUTO_INCREMENT,
  `wateringId` int(11) NOT NULL,
  `jaar` int(11) NOT NULL,
  `raming` decimal(15,2) DEFAULT NULL,
  PRIMARY KEY (`reserveId`)
) ENGINE=InnoDB AUTO_INCREMENT=6 DEFAULT CHARSET=utf8mb4 COLLATE=utf8mb4_general_ci;

INSERT INTO `reserve` VALUES
('1','13','2026','0.00'),
('2','14','2026','0.00'),
('3','15','2026','639525.26'),
('4','16','2026','0.00'),
('5','17','2026','1001433.85');

DROP TABLE IF EXISTS `subposten`;
CREATE TABLE `subposten` (
  `subpostId` int(11) NOT NULL AUTO_INCREMENT,
  `wateringId` int(11) NOT NULL,
  `jaar` int(11) NOT NULL,
  `postId` int(11) NOT NULL,
  `referentie` varchar(2) NOT NULL,
  `omschrijving` varchar(255) NOT NULL,
  `raming` decimal(15,2) NOT NULL,
  `actief` varchar(1) NOT NULL,
  PRIMARY KEY (`subpostId`)
) ENGINE=InnoDB AUTO_INCREMENT=176 DEFAULT CHARSET=utf8mb3 COLLATE=utf8mb3_general_ci;

INSERT INTO `subposten` VALUES
('2','15','2026','186','a','Polderbelasting','900000.00','X'),
('3','15','2026','185','a','Polderbelasting vorige dienstjaren','355000.00','X'),
('4','15','2026','185','b','Andere vorige dienstjaren','5500.00','X'),
('5','15','2026','189','a','Personeelsstatuut ex-dac','20000.00','X'),
('6','15','2026','189','b','Samenwerking West-Vlaamse polders','19000.00','X'),
('7','15','2026','197','a','Polderbelasting','3000.00','X'),
('8','15','2026','197','b','Andere','1000.00','X'),
('9','15','2026','198','a','2e categorie vorige dienstjaren','314000.00','X'),
('10','15','2026','198','b','3e categorie vorige dienstjaren','8000.00','X'),
('11','15','2026','198','c','Andere vorige dienstjaren','10000.00','X'),
('12','15','2026','199','a','Werken door derden','673500.00','X'),
('13','15','2026','199','b','Werken in eigen regie','96000.00','X'),
('14','15','2026','199','c','Exotenbestrijding','84000.00','X'),
('15','15','2026','200','a','Werken door derden','7000.00','X'),
('16','15','2026','200','b','Werken in eigen regie','0.00','X'),
('17','15','2026','200','c','Exotenbestrijding','0.00','X'),
('18','15','2026','202','a','De Vlaamse Waterweg vorige dienstjaren','0.00','X'),
('19','15','2026','202','b','VMM vorige dienstjaren','7500.00','X'),
('20','15','2026','202','c','Provincie vorige dienstjaren','14000.00','X'),
('21','15','2026','202','d','Gemeenten vorige dienstjaren','0.00','X'),
('22','15','2026','202','e','Andere vorige dienstjaren','0.00','X'),
('23','15','2026','209','a','Onroerende goederen','100.00','X'),
('24','15','2026','209','b','Jacht- en visrecht','4000.00','X'),
('25','15','2026','230','a','Algemene vergadering','5000.00','X'),
('26','15','2026','230','b','Wettelijke schouwing','6000.00','X'),
('27','15','2026','230','c','Andere','8500.00','X'),
('28','15','2026','245','a','2e categorie vorige dienstjaren','301000.00','X'),
('29','15','2026','245','b','3e categorie vorige dienstjaren','0.00','X'),
('30','15','2026','245','c','Publieke grachten vorige dienstjaren','190500.00','X'),
('31','15','2026','250','a','De Vlaamse Waterweg vorige dienstjaren','0.00',''),
('32','15','2026','250','b','VMM vorige dienstjaren','0.00','X'),
('33','15','2026','250','c','Provincie vorige dienstjaren','2000.00','X'),
('34','15','2026','250','d','Gemeenten vorige dienstjaren','0.00',''),
('35','15','2026','250','e','Eigen kunstwerken vorige dienstjaren','0.00',''),
('36','15','2026','250','f','Andere vorige dienstjaren','0.00',''),
('37','15','2026','266','a','Dienstwagens','38500.00','X'),
('38','15','2026','266','b','Onderhoudsmateriaal','9000.00','X'),
('39','15','2026','269','a','Polderhuis','50000.00','X'),
('40','15','2026','269','b','Sint-Karelsmolen','30000.00','X'),
('41','15','2026','271','a','Polderhuis','25000.00','X'),
('42','15','2026','244','a','Polderbelasting','3000.00','X'),
('43','15','2026','244','b','Andere','1000.00','X'),
('44','15','2026','245','d','Andere vorige dienstjaren','0.00','X'),
('45','17','2026','380','a','Erkentenissen op overwelvingen','2500.00','X'),
('46','17','2026','380','b','Vergunningen watercaptaties (Interbeton)','1250.00','X'),
('47','17','2026','369','a','Boni saldo','60458.38','X'),
('48','17','2026','373','a','Toelage exotenbestrijding stad Brugge','9241.00','X'),
('49','17','2026','373','b','Toelage exotenbestrijding stad Damme','1945.64','X'),
('51','17','2026','373','c','Toelage exotenbestrijding gemeente Knokke-Heist','31000.00','X'),
('52','17','2026','373','d','Toelage exotenbestrijding Port of Antwerp-Bruges','0.00','X'),
('53','17','2026','383','a','Provincie West-Vlaanderen - lot Noord','0.00','X'),
('54','17','2026','383','b','Provincie West-Vlaanderen - lot Zuid','0.00','X'),
('55','17','2026','385','a','Algemene kosten buurtwegsloten gemeente Knokke-Heist 2026','0.00','X'),
('56','17','2026','389','a','PS Ronselaere','0.00','X'),
('57','17','2026','389','b','PS Hoofdsloot','0.00','X'),
('58','17','2026','389','c','PS Isabellavaart','0.00','X'),
('60','17','2026','389','d','PS RWZI Knokke - terugbetaling kosten Aquafin 2025','0.00','X'),
('61','17','2026','387','a','PS Syphon','0.00','X'),
('62','17','2026','393','a','Onroerende goederen - verpachtingen diverse','0.00','X'),
('63','17','2026','393','b','Onroerende goederen - verpachting gronden Beernem','0.00','X'),
('64','17','2026','393','c','Onroerende goederen - verpachting gronden Zuienkerke','0.00','X'),
('65','17','2026','393','d','Jacht- en visrecht','0.00','X'),
('66','17','2026','373','e','Samenwerking West-Vlaamse polders','0.00','X'),
('67','17','2026','414','a','Algemene Vergaderingen','6000.00','X'),
('68','17','2026','414','b','Wettelijke schouwingen','5000.00','X'),
('69','17','2026','414','c','Andere (Nieuwjaarsreceptie, infovergaderingen,...)','3000.00','X'),
('70','17','2026','424','a','VVPW','0.00','X'),
('71','17','2026','424','b','Andere','0.00','X'),
('72','17','2026','446','a','Dienstvoertuigen en aanhangwagens','0.00','X'),
('73','17','2026','450','a','Dienstvoertuigen en aanhangwagens','10000.00','X'),
('74','17','2026','450','b','Onderhouds- en ander materiaal','200000.00','X'),
('75','17','2026','453','a','Polderhuis','10000.00','X'),
('76','17','2026','453','b','Andere (dak loods,...)','90000.00','X'),
('77','17','2026','452','a','Aankopen','0.00','X'),
('78','17','2026','452','b','Kosten (opmetingen, attesten, notaris,...)','5000.00','X'),
('82','17','2026','449','a','Mobiele pompen','5000.00','X'),
('83','17','2026','446','b','Andere','0.00','X'),
('84','17','2026','443','a','Groenbeheer domeinen varia','0.00','X'),
('85','17','2026','444','a','Onroerende voorheffing','0.00','X'),
('86','17','2026','444','b','Polderbelasting NPB','0.00','X'),
('87','17','2026','444','c','Roerende voorheffing op jacht- en visrecht','0.00','X'),
('88','17','2026','444','d','Roerende voorheffing op kapitalen (op intresten)','0.00','X'),
('90','17','2026','370','a','Polderbelasting','760000.00','X'),
('91','17','2026','381','a','Polderbelasting','0.00','X'),
('92','17','2026','381','b','Andere','0.00','X'),
('93','17','2026','382','a','Algemene kosten buurtwegsloten gemeente Knokke-Heist 2025','0.00','X'),
('94','17','2026','383','c','Provincie Oost-Vlaanderen','0.00','X'),
('95','17','2026','384','a','3e categorie gemeente Maldegem - onderhoud','0.00','X'),
('96','17','2026','384','b','3e categorie gemeente Maldegem - algemene kosten','0.00','X'),
('97','17','2026','369','b','Polderbelasting vorige dienstjaren','0.00','X'),
('98','17','2026','369','c','Tegemoetkoming in personeelskosten/Toelage exotenbestrijding Port of Antwerp-Bruges','1750.00','X'),
('99','17','2026','383','d','Provincie West-Vlaanderen - werken in eigen regie','0.00','X'),
('100','17','2026','386','a','Provincie vorig dienstjaar','0.00','X'),
('102','17','2026','369','d','Vergunningen/licenties/machtigingen vorig dienstjaar','0.00','X'),
('104','17','2026','369','e','Andere vorig dienstjaar','0.00','X'),
('105','17','2026','392','a','Verhuringen','0.00','X'),
('106','17','2026','416','a','Verplaatsingen personeel en dienstvoertuigen','0.00','X'),
('107','17','2026','416','b','Maaltijdcheques','0.00','X'),
('108','17','2026','416','c','Vergoedingen en verplaatsingen bestuur','0.00','X'),
('109','17','2026','416','d','Presentiegelden bestuur (netto)','0.00','X'),
('111','17','2026','416','e','Studiedagen, reizen en opleidingen (conferenties, Interregprojecten, opleidingen personeel,...)','0.00','X'),
('112','17','2026','416','f','Andere (aankopen, geschenken,...)','0.00','X'),
('113','17','2026','417','a','Werkgevers- en werknemersbijdragen (personeel en bestuur, loonadministratie)','0.00','X'),
('115','17','2026','417','b','Sociaal secretariaat (welzijn op het werk, preventiedienst,...)','0.00','X'),
('116','17','2026','418','a','Verzekeringspakket Talensia','0.00','X'),
('117','17','2026','418','b','Groepsverzekeringen','0.00','X'),
('118','17','2026','418','c','Bestuursaansprakelijkheidsverzekering','0.00','X'),
('119','17','2026','418','d','Dienstwagens','0.00','X'),
('120','17','2026','418','e','Mobiele pompen all risk','0.00','X'),
('121','17','2026','418','f','PS Legeweg brandverzekering','0.00','X'),
('122','17','2026','418','g','Peilmeetinstallaties all risk + automatische sturing','0.00','X'),
('123','17','2026','421','a','Kantoorbenodigdheden (materiaal, drukwerk, administratieve kosten, abonnementen,...)','0.00','X'),
('124','17','2026','421','b','Post (postzegels en aangetekende zendingen)','0.00','X'),
('125','17','2026','421','c','Printer','0.00','X'),
('126','17','2026','421','d','Telecommunicatie','0.00','X'),
('127','17','2026','421','e','Polderhuis ((brand-)alarm + monitoring, nazicht elektriciteit, CV, onderhoud,...)','0.00','X'),
('128','17','2026','429','a','Provincie','0.00','X'),
('129','17','2026','430','a','Provincie West-Vlaanderen - lot Noord','0.00','X'),
('130','17','2026','430','b','Provincie West-Vlaanderen - lot Zuid','0.00','X'),
('131','17','2026','430','c','Provincie Oost-Vlaanderen','0.00','X'),
('132','17','2026','432','a','Lot Noord','0.00','X'),
('133','17','2026','432','b','Lot Zuid','0.00','X'),
('134','17','2026','435','a','PS Syphon','0.00','X'),
('135','17','2026','437','a','PS Ronselare','0.00','X'),
('136','17','2026','437','b','PS Hoofdsloot','0.00','X'),
('137','17','2026','437','c','PS Isabellavaart','0.00','X'),
('138','17','2026','437','d','PS RWZI Knokke - terugbetaling kosten Aquafin 2025','0.00','X'),
('139','17','2026','439','a','Instandhoudingswerken toegangen over waterlopen','0.00','X'),
('140','17','2026','439','b','Instandhoudingswerken inlaatconstructies, stuwtjes, wegen,...','0.00','X'),
('141','17','2026','443','b','Groenbeheer Raamcontract (stormschade en snoei- en knotwerken)','0.00','X'),
('143','17','2026','405','a','Toelage provincie West-Vlaanderen: Dijkenbeheer dienstjaar 2026','0.00','X'),
('144','17','2026','406','a','Toelage Europa: Interregproject WijWater (37.000 werken via OII15b + 11.000 kosten)','11000.00','X'),
('145','17','2026','405','b','Toelage provincie West-Vlaanderen: Project Vlaamse Veerkracht: Opstuwen Paulusvaart','2675.42','X'),
('146','17','2026','404','b','Erfgoedpremie: Dijkenbeheer dienstjaar 2025 (Krinkeldijk)','0.00','X'),
('147','17','2026','404','c','Erfgoedpremie: Project Restauratie Blauwe Sluis','0.00','X'),
('148','17','2026','404','d','Toelage Blue Deal - Project Vlaamse Veerkracht: Opstuwen Paulusvaart','0.00','X'),
('149','17','2026','405','c','Toelage provincie West-Vlaanderen: Interregproject WijWater','2400.00','X'),
('150','17','2026','412','a','Mali saldo','0.00','X'),
('151','17','2026','441','a','Groenbeheer raamcontract dienstjaar 2025','13954.33','X'),
('152','17','2026','465','a','Kosten gerechtszaken','7500.00','X'),
('153','17','2026','457','a','Dijkenbeheer dienstjaar 2026','0.00','X'),
('154','17','2026','457','b','Project Restauratie Blauwe Sluis','0.00','X'),
('155','17','2026','457','c','Project Vlaamse Veerkracht: Opstuwen Paulusvaart','132836.11','X'),
('156','17','2026','457','d','Interregproject WijWater (verrekening uitvoering via OW/Zuid/2026)','0.00','X'),
('157','17','2026','457','e','Project Blue Deal: Waterlandschap Beverhoutsveld','9982.50','X'),
('158','17','2026','456','a','Project Vlaamse Veerkracht: Opstuwen Paulusvaart - kosten studiebureau','8177.99','X'),
('159','17','2026','456','b','Interregproject WijWater - kosten varia','0.00','X'),
('161','17','2026','457','f','Project restauratie uitwateringsconstructies Leopoldkanaal gebied Zuid','0.00','X'),
('165','17','2026','449','b','Operationeel meetnet','15000.00','X'),
('166','17','2026','465','b','Oplossen acute wateroverlastproblemen','5000.00','X'),
('167','17','2026','465','c','Onvoorziene buitengewone uitgaven - varia','0.00','X'),
('168','14','2026','94','a','polderbelastingen dienstjaar 2025','0.00','X'),
('169','14','2026','94','b','Aandeel provincien en gemeenten onderhoudskosten  waterlopen','0.00','X'),
('170','14','2026','136','a','Achterstallige betalingen geklasseerde waterlopen en polderwaterlopen','0.00','X'),
('171','15','2026','228','a','Personeelskosten vorige dienstjaren','0.00','X'),
('173','15','2026','228','b','Bestuurskosten vorige dienstjaren','0.00','X'),
('174','15','2026','228','c','Sociale bijdragen en beheerskosten sociaal secretariaat vorige dienstjaren','0.00','X'),
('175','15','2026','228','d','Andere vorige dienstjaren','0.00','X');

