-- Backup of wapobel_bewatering2 on 2026-01-19 12:14:18

DROP TABLE IF EXISTS `boekingen`;
CREATE TABLE `boekingen` (
  `boekId` int(11) NOT NULL AUTO_INCREMENT,
  `creatieDatum` date NOT NULL DEFAULT current_timestamp(),
  `creatieTijd` time NOT NULL DEFAULT current_timestamp(),
  `wateringId` int(11) NOT NULL,
  `jaar` int(11) NOT NULL,
  `maand` int(11) NOT NULL,
  `dag` int(11) NOT NULL,
  `postId` int(11) NOT NULL,
  `subPostId` int(11) DEFAULT NULL,
  `nummering` varchar(20) NOT NULL DEFAULT '0',
  `omschrijving` varchar(255) NOT NULL,
  `billitNumber` int(11) DEFAULT NULL,
  PRIMARY KEY (`boekId`)
) ENGINE=InnoDB AUTO_INCREMENT=3822 DEFAULT CHARSET=utf8mb3 COLLATE=utf8mb3_general_ci;

INSERT INTO `boekingen` VALUES
('3544','2025-10-28','07:11:12','7','2025','10','17','796','447','1','Billit',NULL),
('3552','2025-11-10','15:50:16','7','2025','11','4','789','0','5','vergoeding 3e kw 2025',NULL),
('3553','2025-11-10','15:51:27','7','2025','11','4','790','0','6','510251033271 Liantis',NULL),
('3554','2025-11-10','15:52:24','7','2025','11','4','788','0','7','loonbrief okt 25',NULL),
('3555','2025-11-10','16:01:43','7','2025','10','9','794','0','8','kantoorbenodigdheden Action',NULL),
('3559','2025-11-10','16:09:14','7','2025','11','5','819','453','12','Smappee okt',NULL),
('3560','2025-11-10','16:13:23','7','2025','10','31','753','0','13','licentie e-loket P. Vlassenbroek',NULL),
('3561','2025-11-10','16:13:55','7','2025','10','31','753','0','14','licentie e-loket Zwarte Sluispolder',NULL),
('3562','2025-11-10','16:14:28','7','2025','11','3','753','0','15','licentie e-loket Schakkebroek&Terbermen',NULL),
('3563','2025-11-10','16:14:50','7','2025','11','3','753','0','16','licentie e-loket Oost-Sive-Schousselbroek',NULL),
('3564','2025-11-10','16:15:10','7','2025','11','3','753','0','17','licentie e-loket W. v Sint-Truiden',NULL),
('3565','2025-11-10','16:15:31','7','2025','11','3','753','0','18','licentie e-loket W. v.d. Beneden Mark',NULL),
('3566','2025-11-10','16:15:49','7','2025','11','3','753','0','19','licentie e-loket W. h. Grootbroek',NULL),
('3567','2025-11-10','16:16:08','7','2025','11','3','753','0','20','licentie e-loket  Ettenhoven & Muisbroek',NULL),
('3568','2025-11-10','16:16:26','7','2025','11','3','753','0','21','licentie e-loket W. de Dommelvallei',NULL),
('3569','2025-11-10','16:16:44','7','2025','11','3','753','0','22','licentie e-loket W. de Vreenebk',NULL),
('3570','2025-11-10','16:17:03','7','2025','11','4','753','0','23','licentie e-loket W. der Assels',NULL),
('3571','2025-11-10','16:17:19','7','2025','11','4','753','0','24','licentie e-loket P. Sinaai-Daknam',NULL),
('3572','2025-11-10','16:17:35','7','2025','11','4','753','0','25','licentie e-loket W. de Motbeek',NULL),
('3573','2025-11-10','16:17:51','7','2025','11','4','753','0','26','licentie e-loket Tielrodepolder',NULL),
('3574','2025-11-10','16:18:07','7','2025','11','4','753','0','27','licentie e-loket Oude Kale & Meirebk',NULL),
('3575','2025-11-10','16:18:23','7','2025','11','5','753','0','28','licentie e-loket OKP',NULL),
('3576','2025-11-10','16:18:44','7','2025','11','5','753','0','29','licentie e-loket W. de Herk',NULL),
('3577','2025-11-10','16:19:02','7','2025','11','5','753','0','30','licentie e-loket W. Schulensbroek',NULL),
('3578','2025-11-10','16:19:18','7','2025','11','5','753','0','31','licentie e-loket P. Scheldeschorren-Nrd',NULL),
('3579','2025-11-10','16:19:34','7','2025','11','6','753','0','32','licentie e-loket P. Lnd v. Waas',NULL),
('3580','2025-11-10','16:19:51','7','2025','11','6','753','0','33','licentie e-loket WKP',NULL),
('3581','2025-11-10','16:20:05','7','2025','11','6','753','0','34','licentie e-loket Moerbekepolder',NULL),
('3582','2025-11-10','16:20:23','7','2025','11','6','753','0','35','licentie e-loket P. v. Willebroek',NULL),
('3583','2025-11-10','16:20:39','7','2025','11','7','753','0','36','licentie e-loket ZYP',NULL),
('3584','2025-11-10','16:20:54','7','2025','11','10','753','0','37','licentie e-loket P. d. Beneden Dender',NULL),
('3585','2025-11-10','16:22:41','7','2025','10','20','796','447','38','Orange',NULL),
('3587','2025-11-14','08:17:03','7','2025','11','10','753','0','39','licentie e-loket P. Bethoostersche Broecken',NULL),
('3593','2025-11-18','13:27:03','7','2025','10','2','788','0','41','MC\'s sept',NULL),
('3595','2025-11-18','14:57:20','7','2025','10','31','753','0','43','licentie e-loket MKP',NULL),
('3596','2025-11-18','15:06:46','7','2025','10','31','753','0','44','licentie e-loket NPB',NULL),
('3597','2025-11-18','15:09:13','7','2025','10','31','753','0','45','licentie e-loket P tss Schelde&Durme',NULL),
('3598','2025-11-18','15:10:12','7','2025','10','31','753','0','46','licentie e-loket slependammep',NULL),
('3599','2025-11-18','15:10:51','7','2025','10','31','753','0','47','licentie e-loket PvBelham',NULL),
('3600','2025-11-18','15:12:04','7','2025','10','31','753','0','48','licentie e-loket Pv Maldegem',NULL),
('3601','2025-11-18','15:14:10','7','2025','10','31','753','0','49','licentie e-loket PvLier',NULL),
('3602','2025-11-18','15:15:13','7','2025','11','10','753','0','50','licentie Generale Vrije P',NULL),
('3604','2025-11-18','16:41:05','7','2025','11','2','815','452','11','Madrimo - 21803101 - okt 25',NULL),
('3605','2025-11-18','16:42:06','7','2025','11','3','790','0','10','RSZ prov nov',NULL),
('3606','2025-11-18','16:43:06','7','2025','11','5','788','0','40','mc\'s okt',NULL),
('3610','2025-11-19','06:37:36','7','2025','10','31','753','0','52','licentie e-loket W Oude Dender','79839602'),
('3613','2025-11-20','08:28:10','7','2025','11','20','753','0','53','licentie e-loket W. v Wuustwezel','79823034'),
('3614','2025-11-20','11:46:43','7','2025','11','7','743','440','54','lidgeld 2025 ZYP','105856950'),
('3615','2025-11-20','11:47:31','7','2025','11','4','743','440','55','lidgeld 2025 Vreenebeek','105113538'),
('3616','2025-11-20','11:48:27','7','2025','11','4','744','443','56','Vreenebeek AV2025','105113539'),
('3617','2025-11-20','11:49:31','7','2025','11','4','744','443','57','Dommelvallei AV2025','105113540'),
('3618','2025-11-20','11:50:16','7','2025','11','4','743','440','58','lidgeld 2025 Dommelvallei','105113541'),
('3619','2025-11-20','11:51:34','7','2025','10','20','744','443','59','NPB AV2025','102429731'),
('3620','2025-11-20','11:52:29','7','2025','10','14','743','440','60','W. v Wuustwezel AV2025','102429732'),
('3621','2025-11-20','11:53:25','7','2025','10','9','744','443','61','Scheldeschorren AV2025','102429734'),
('3622','2025-11-20','11:54:25','7','2025','10','7','743','440','62','W. de Lieve lidgeld 2025','102429741'),
('3623','2025-11-20','11:55:23','7','2025','10','6','744','443','63','W. Grootbroek AV2025','102429743'),
('3624','2025-11-20','11:56:17','7','2025','9','12','744','443','64','W. Oude Kale & Meirebk AV2025','102429749'),
('3625','2025-11-20','11:57:23','7','2025','9','1','743','440','65','Isabellapolder lidgeld 2025','102429757'),
('3626','2025-11-20','11:58:15','7','2025','8','27','743','440','66','P Vliet&Zielbeek lidgeld 2025','102429758'),
('3627','2025-11-20','11:59:13','7','2025','8','23','744','443','67','W. Grote Gete AV2025','102429759'),
('3628','2025-11-20','12:01:45','7','2025','8','20','743','440','68','Beth Broecken lidgeld 2025','102429761'),
('3629','2025-11-20','12:04:15','7','2025','8','22','796','447','69','gsm orange','102429760'),
('3630','2025-11-20','12:05:10','7','2025','9','22','796','447','70','gsm Orange','102429748'),
('3631','2025-11-20','12:09:41','7','2025','9','1','792','0','71','Belfius Pack','102429751'),
('3632','2025-11-20','12:10:18','7','2025','10','1','792','0','72','Belfius Pack','102429744'),
('3633','2025-11-20','12:10:36','7','2025','11','1','792','0','73','Belfius Pack','105362944'),
('3634','2025-11-20','12:11:33','7','2025','9','3','815','452','74','huur auto aug','102429755'),
('3635','2025-11-20','12:11:58','7','2025','10','8','815','452','75','huur auto sept','102429735'),
('3636','2025-11-20','12:13:27','7','2025','10','20','819','453','76','Liefkenshoektunnel fusieverg A\'pense wateringen','102429730'),
('3637','2025-11-20','12:14:17','7','2025','10','6','819','453','77','smappee sept','102429742'),
('3638','2025-11-20','12:15:00','7','2025','9','30','787','446','78','Michiel VDBempt hotel & trein Hamburg','102429745'),
('3639','2025-11-20','12:15:35','7','2025','9','30','787','446','79','Glenn Geerits km EUWMA','102429746'),
('3640','2025-11-20','12:16:08','7','2025','9','30','787','446','80','Glenn Geerits hotel & trein Hamburg','102429747'),
('3641','2025-11-20','12:16:36','7','2025','9','4','819','453','81','Smappee aug','102429750'),
('3642','2025-11-20','12:17:25','7','2025','9','3','788','0','82','mc\'s aug','102429756'),
('3643','2025-11-20','12:18:08','7','2025','11','11','819','453','83','KC Liefkenshoektunnel betaald met eigen rek','106433416'),
('3644','2025-11-20','12:18:41','7','2025','11','11','815','451','84','huur okt','106433417'),
('3645','2025-11-20','12:19:06','7','2025','9','3','815','451','85','huur aug','102429752'),
('3646','2025-11-20','12:19:26','7','2025','10','8','815','451','86','huur sept','102429739'),
('3647','2025-11-20','12:20:53','7','2025','10','8','790','0','87','Liantis factuur 510250915895 (RSZ+BV sept)','102429737'),
('3648','2025-11-20','12:21:25','7','2025','10','8','790','0','88','Liantis factuur 510250915880 (RSZ prov okt)','102429738'),
('3649','2025-11-20','12:22:04','7','2025','9','3','790','0','89','Liantis factuur 510250832571 (RSZ+BV aug)','102429754'),
('3650','2025-11-20','12:22:28','7','2025','9','3','788','0','90','wedde aug','102429753'),
('3651','2025-11-20','12:22:48','7','2025','10','8','788','0','91','wedde sept','102429740'),
('3654','2025-11-21','09:31:54','7','2025','11','20','753','0','92','licentie e-loket W. de Mene','79824496'),
('3655','2025-11-22','07:47:08','7','2025','11','21','753','0','93','licentie e-loket W. h. Velpedal','79831962'),
('3656','2025-11-22','07:47:41','7','2025','11','21','753','0','94','licentie e-loket W. v. Loenhout','79832093'),
('3657','2025-11-24','14:21:45','7','2025','11','24','743','440','95','lidgeld 2025 Oude Kale & Meirebk','108941351'),
('3658','2025-11-24','14:23:01','7','2025','11','12','796','447','96','Orange','81360394'),
('3659','2025-11-25','16:41:44','7','2025','11','19','794','0','97','Bruneau 14.357.039','81829449'),
('3660','2025-11-25','16:42:05','7','2025','11','17','794','0','98','Bruneau 14.352.528','81829397'),
('3661','2025-11-25','16:42:24','7','2025','11','17','794','0','99','bruneau 14.353.862','81829431'),
('3662','2025-11-26','06:32:11','7','2025','11','25','753','0','100','licentie e-loket Burggravenstroom','79824268'),
('3663','2025-11-26','06:57:58','7','2025','11','13','819','453','101','treinticket fusiewerkgroep heen en terug','81467110'),
('3667','2025-11-27','15:57:35','7','2025','11','26','753','0','102','licentie e-loket W. de Kleine Gete','79824431'),
('3668','2025-11-28','05:58:59','7','2025','11','27','744','443','103','screeningsopdracht W-VL polders OKP','81600284'),
('3669','2025-11-28','05:59:52','7','2025','11','27','753','0','104','licentie e-loket PSDO','79840959'),
('3670','2025-11-29','11:51:11','4','2025','11','29','1026','481','1','Nog een subpost','0'),
('3671','2025-11-29','11:51:23','4','2025','11','29','1082','0','2','Vergunningen/licenties/machtigingen','0'),
('3673','2025-11-29','12:15:36','4','2025','11','6','0','0','3','Rek. BE72 1526 5412 9721 à BE11 3511 8842 3364','0'),
('3674','2025-11-30','07:43:17','4','2025','1','1','1024','0','4','Vorige dienstjaren','0'),
('3675','2025-11-30','07:54:11','4','2025','11','20','1026','481','5','EUWMA','0'),
('3677','2025-12-01','10:04:09','4','2025','12','1','1026','479','6','Nieuwe subpost','0'),
('3678','2025-12-01','10:04:16','4','2025','12','1','1036','0','7','Verkeerdelijk gestorte bedragen','0'),
('3679','2025-12-01','10:04:38','4','2025','12','1','1032','0','8','Ruwwaterlevering','0'),
('3682','2025-12-01','10:54:39','4','2025','12','1','1026','481','9','EUWMA','0'),
('3683','2025-12-01','10:54:50','4','2025','12','1','1078','0','10','ICT (hardware, software, abonnementen)','0'),
('3684','2025-12-01','12:11:29','7','2025','11','28','744','443','105','screeningsopdracht W-VL polders ZYP','81599589'),
('3685','2025-12-02','09:04:22','7','2025','12','2','753','0','106','licentie e-loket Moervrt&Zuidl','79823946'),
('3686','2025-12-02','09:23:43','7','2025','12','2','788','0','107','wedde nov','82726589'),
('3687','2025-12-02','09:24:29','7','2025','12','2','790','0','108','rsz + bv nov 25','82725663'),
('3688','2025-12-03','09:36:01','7','2025','12','2','815','451','109','huur  kantoor nov','111410659'),
('3689','2025-12-03','09:37:47','7','2025','12','2','744','443','110','screeningsopdracht W-VL polders WKP','81600400'),
('3690','2025-12-03','13:16:46','7','2025','12','3','815','452','111','Madrimo 21803182 nov','83065433'),
('3691','2025-12-03','13:17:22','7','2025','12','3','788','0','112','MC\'s nov','82879649'),
('3692','2025-12-03','15:38:04','7','2025','12','3','819','453','113','smappee nov','82746485'),
('3693','2025-12-03','19:54:22','4','2025','12','3','1026','479','2025-11','Nieuwe subpost','0'),
('3694','2025-12-03','19:54:29','4','2025','12','3','1035','0','2025-12','Vergunningen/licenties/machtigingen','0'),
('3695','2025-12-04','18:52:17','4','2025','12','4','1024','0','2025-13','Vorige dienstjaren','0'),
('3696','2025-12-04','18:52:23','4','2025','12','4','1082','0','2025-14','Vergunningen/licenties/machtigingen','0'),
('3697','2025-12-04','18:52:28','4','2025','12','4','1025','0','2025-15','Inning werkingsmiddelen ','0'),
('3698','2025-12-05','12:59:51','7','2025','12','1','792','0','114','Bankkosten','111842622'),
('3700','2025-12-08','13:12:09','7','2025','12','5','754','0','115','terugbetaling Liantis','112525168'),
('3703','2025-12-19','07:51:38','4','2025','12','19','1026','479','2025-16','Nieuwe subpost','0'),
('3704','2025-12-23','16:28:34','7','2025','12','23','815','452','116','21803233 dec','85553585'),
('3706','2025-12-23','16:29:44','7','2025','12','23','790','0','118','RSZ + BV dec edj','85553907'),
('3708','2025-12-23','16:31:56','7','2025','12','23','789','0','120','vergoeding 4e kw 2025','85074688'),
('3709','2025-12-23','16:32:35','7','2025','12','23','788','0','121','edj premie','85074872'),
('3710','2025-12-23','16:32:59','7','2025','12','23','788','0','122','wedde dec','85075115'),
('3711','2025-12-23','16:36:28','7','2025','12','12','744','443','123','screeningsopdracht W-VL polder NPB','81600174'),
('3712','2025-12-23','16:37:59','7','2025','12','19','753','0','124','licentie e-loket Barebeek','79831721'),
('3713','2025-12-23','16:38:46','7','2025','12','21','753','0','125','licentie e-loket W. de Lieve','79824464'),
('3714','2025-12-23','16:39:28','7','2025','12','22','753','0','126','licentie e-loket Wagemakerstroom','79832300'),
('3715','2025-12-23','16:40:19','7','2025','12','23','753','0','127','licentie e-loket Natte Nest','79824535'),
('3716','2025-12-23','16:41:49','7','2025','12','23','790','0','128','rsz prov jan -Verrekeningen op deze factuur: Creditnota 510251158085 (2025-12-19) -1312,36 EUR','85554758'),
('3717','2025-12-23','16:42:43','7','2025','12','23','790','0','129','rsz + bv dec 25','85554503'),
('3718','2025-12-23','16:57:50','7','2025','12','23','815','451','130','huur kantoor, garage, elek,...dec','117993782'),
('3719','2025-12-24','07:28:28','7','2025','12','22','796','447','131','gsm nov','117764797'),
('3720','2025-12-24','11:40:28','7','2025','12','9','744','443','132','screeningsopdracht W-VL polders MKP','81600021'),
('3721','2025-12-26','12:54:27','7','2025','12','26','791','0','133','premie Arbeidsongevallen','85566693'),
('3722','2025-12-29','07:20:16','7','2025','4','25','789','0','134','VVPW.-vergaderingen','85799458'),
('3723','2025-12-30','10:21:17','7','2025','12','29','819','453','135','train+','119464574'),
('3724','2025-12-31','14:05:38','4','2025','11','19','1074','0','2025-17','test','81600021'),
('3725','2026-01-07','10:39:30','12','2026','1','1','1401','0','1','Intrest','0'),
('3726','2026-01-08','09:30:53','4','2025','12','1','0','0','18','Rek. BE72 1526 5412 9721 à BE11 3511 8842 3364','0'),
('3727','2026-01-08','09:31:10','4','2025','12','1','0','0','19','Rek. KAS à BE72 1526 5412 9721','0'),
('3728','2026-01-08','16:58:37','7','2026','1','1','980','0','1','Belfius Pack','122222854'),
('3729','2026-01-08','17:00:56','7','2026','1','7','984','0','2','wapobel licentie 2026','88028793'),
('3730','2026-01-12','08:58:50','12','2026','1','8','1443','0','2','Verzekeringen','87086534'),
('3731','2026-01-12','09:50:49','7','2026','1','9','982','0','3','Kantoorkosten','123585773'),
('3733','2026-01-12','10:14:04','7','2026','1','8','930','545','4','Watering de Molenbeek','79840477'),
('3734','2026-01-12','14:20:01','12','2026','1','6','1440','0','3','Personeelskosten','0'),
('3735','2026-01-12','14:21:51','12','2026','1','6','1441','0','4','Bestuurskosten','0'),
('3736','2026-01-12','14:26:35','12','2026','1','6','1394','0','5','Vorige dienstjaren','0'),
('3737','2026-01-12','14:28:28','12','2026','1','5','1394','0','6','Vorige dienstjaren','0'),
('3738','2026-01-12','14:29:41','12','2026','1','4','1394','0','7','Vorige dienstjaren','0'),
('3739','2026-01-12','14:30:21','12','2026','1','3','1394','0','8','Vorige dienstjaren','0'),
('3740','2026-01-12','14:38:54','12','2026','1','2','1394','0','9','Vorige dienstjaren','0'),
('3741','2026-01-12','14:39:27','12','2026','1','1','1394','0','10','Vorige dienstjaren','0'),
('3742','2026-01-12','14:46:04','12','2026','1','1','1476','0','11','Lening','0'),
('3743','2026-01-12','14:47:14','12','2026','1','7','1394','0','12','Vorige dienstjaren','0'),
('3744','2026-01-12','14:47:49','12','2026','1','8','1394','0','13','Vorige dienstjaren','0'),
('3745','2026-01-12','14:48:23','12','2026','1','8','1444','0','14','Bankkosten','0'),
('3746','2026-01-12','14:48:54','12','2026','1','9','1394','0','15','Vorige dienstjaren','0'),
('3747','2026-01-12','14:49:46','12','2026','1','10','1394','0','16','Vorige dienstjaren','0'),
('3748','2026-01-12','14:50:15','12','2026','1','11','1394','0','17','Vorige dienstjaren','0'),
('3749','2026-01-12','14:50:28','4','2025','1','7','1074','0','2025-20','Maandelijkse beheerskosten zichtrekening Belfius','87643530'),
('3750','2026-01-12','14:50:37','4','2025','1','7','1082','0','2025-20','Licentie Wapobel 2026','87805370'),
('3751','2026-01-12','14:50:53','4','2025','12','31','1069','0','2025-20','Gereedschap diverse','86540711'),
('3752','2026-01-12','14:51:02','4','2025','1','8','1078','0','2025-20','ICT (hardware, software, abonnementen)','86541626'),
('3753','2026-01-12','14:52:02','4','2026','1','12','1541','0','2025-1','ICT (hardware, software, abonnementen)','88660975'),
('3754','2026-01-12','14:52:27','4','2026','1','7','1564','0','2025-1','Kleine herstellingen en onderhoud rollend materieel','87819390'),
('3755','2026-01-13','11:23:24','12','2026','1','12','1394','0','18','Vorige dienstjaren','0'),
('3756','2026-01-13','11:25:22','12','2026','1','12','1476','0','19','Lening','0'),
('3757','2026-01-14','07:38:01','12','2026','1','13','1394','0','20','Vorige dienstjaren','0'),
('3758','2026-01-14','07:50:39','12','2026','1','13','1443','0','21','Brand Poldersite','88663009'),
('3759','2026-01-14','07:51:26','12','2026','1','13','1443','0','21','PS Kalsijdeb','88669352'),
('3760','2026-01-14','07:52:13','12','2026','1','13','1443','0','21','PS Moere','88670207'),
('3761','2026-01-14','07:52:43','12','2026','1','13','1443','0','21','PS Slijpeb','88671064'),
('3762','2026-01-14','07:53:06','12','2026','1','13','1443','0','21','PS Wilsk','88672317'),
('3763','2026-01-14','07:53:51','12','2026','1','13','1443','0','22','PS Zevekote','88673088'),
('3764','2026-01-14','07:54:09','12','2026','1','13','1443','0','22','PS ZS','88676277'),
('3765','2026-01-14','07:54:25','12','2026','1','13','1443','0','22','AO B buitenw','88648012'),
('3766','2026-01-14','07:57:39','12','2026','1','13','1443','0','22','Omnium dienstv','88649900'),
('3767','2026-01-14','07:57:58','12','2026','1','13','1443','0','22','Peugeot','88649318'),
('3768','2026-01-14','08:01:06','12','2026','1','13','1443','0','22','McCormick','88651957'),
('3769','2026-01-14','08:01:24','12','2026','1','13','1443','0','22','Komatsu oud','88653470'),
('3770','2026-01-14','08:01:40','12','2026','1','13','1443','0','22','JCS','88654428'),
('3771','2026-01-14','08:01:57','12','2026','1','13','1443','0','22','International','88655376'),
('3772','2026-01-14','08:02:12','12','2026','1','13','1443','0','22','Hitachi bandenk','88656642'),
('3773','2026-01-14','08:02:33','12','2026','1','13','1443','0','22','GheysenVerpoort','88657380'),
('3774','2026-01-14','08:02:49','12','2026','1','13','1443','0','22','Best aansprakelijkheid','88659443'),
('3775','2026-01-14','08:03:06','12','2026','1','13','1443','0','22','Ford Transit','88658080'),
('3776','2026-01-14','08:03:20','12','2026','1','13','1443','0','22','Best LO','88660335'),
('3777','2026-01-14','08:03:39','12','2026','1','13','1443','0','22','Werkl AO','88661115'),
('3778','2026-01-14','08:12:43','12','2026','1','13','1443','0','22','Pers BA','88661879'),
('3779','2026-01-14','08:13:02','12','2026','1','13','1443','0','22','Case tractor','88665022'),
('3780','2026-01-14','08:13:20','12','2026','1','13','1443','0','22','Citroen Berlingo','88666525'),
('3781','2026-01-14','08:13:35','12','2026','1','13','1443','0','22','Dezeure aanh','88667424'),
('3782','2026-01-14','08:13:52','12','2026','1','13','1443','0','22','Dezwaef mob pomp','88668049'),
('3783','2026-01-15','08:41:34','12','2026','1','5','1437','0','23','Vacatien 2025','89216108'),
('3784','2026-01-15','08:42:22','12','2026','1','6','1442','0','23','Personeel','89204480'),
('3785','2026-01-15','08:42:49','12','2026','1','6','1442','0','23','Personeel','89210611'),
('3786','2026-01-15','08:43:06','12','2026','1','6','1442','0','23','Personeel','89211203'),
('3787','2026-01-15','08:43:39','12','2026','1','14','1454','0','23','Onderhoudswerken','89218421'),
('3788','2026-01-15','08:44:24','12','2026','1','5','1437','0','23','Lonen+EJP','89214889'),
('3789','2026-01-15','08:54:28','12','2026','1','15','0','0','24','Rek. BE10 1430 7370 0604 à BE33 7340 5385 8146','0'),
('3790','2026-01-15','14:39:37','8','2026','1','1','1118','482','1','Overschot laatste rekening','0'),
('3791','2026-01-15','16:32:24','7','2026','12','31','1007','478','5','SPLIT/2025/0030717','89245101'),
('3792','2026-01-16','07:44:55','12','2026','1','7','1411','0','25','Vorige dienstjaren','87558321'),
('3793','2026-01-16','07:51:29','12','2026','1','14','1394','0','26','Vorige dienstjaren','0'),
('3794','2026-01-16','07:52:48','12','2026','1','14','1476','0','27','Lening','0'),
('3795','2026-01-16','07:54:49','12','2026','1','15','1394','0','28','Vorige dienstjaren','0'),
('3796','2026-01-17','08:54:58','4','2026','1','17','1489','547','2026-2','EUWMA','0'),
('3801','2026-01-19','09:44:36','8','2026','1','2','1166','509','2','Persoonlijke RSZ','0'),
('3802','2026-01-19','09:49:38','8','2026','1','2','1166','510','2','Bijzondere Bijdrage RSZ','0'),
('3804','2026-01-19','10:11:53','8','2026','1','2','1167','538','4','Dienstverplaatsingen (bestuur)','0'),
('3805','2026-01-19','10:13:51','8','2026','1','2','1167','534','5','Arbeidsongevallen - Buiten Wettelijk','0'),
('3806','2026-01-19','10:15:14','8','2026','1','2','1167','533','6','Arbeidsongevallen - Wettelijk','0'),
('3807','2026-01-19','10:16:04','8','2026','1','2','1167','542','7','Brandverzekering','0'),
('3808','2026-01-19','10:16:56','8','2026','1','2','1167','535','8','Algemene Burgerlijke Aansprakelijkheid (ABA)','0'),
('3809','2026-01-19','10:18:29','8','2026','1','2','1167','536','9','Lichamelijke ongevallen bestuursleden','0'),
('3810','2026-01-19','10:20:02','8','2026','1','2','1167','543','10','Elektronica','0'),
('3811','2026-01-19','10:20:59','8','2026','1','2','1167','537','11','Bestuurdersaansprakelijkheid','0'),
('3813','2026-01-19','10:26:13','8','2026','1','2','1166','511','12','Bedrijfsvoorheffing Personeel','0'),
('3814','2026-01-19','10:28:57','8','2026','1','2','1166','512','12','Bedrijfsvoorheffing Bestuur','0'),
('3815','2026-01-19','10:32:27','8','2026','1','2','1142','514','13','Huurgelden woning 01/25','0'),
('3816','2026-01-19','10:36:53','8','2026','1','19','1119','500','14','Belastingen \'Jaar -1\'','0'),
('3817','2026-01-19','10:42:05','8','2026','1','2','1119','501','15','Belastingen \'Jaar -2 en ouder\'','0'),
('3818','2026-01-19','10:42:36','8','2026','1','2','1119','500','16','Belastingen \'Jaar -1\'','0'),
('3819','2026-01-19','10:53:43','8','2026','1','2','1167','540','3','Dienstvoertuigen','0'),
('3820','2026-01-19','12:05:34','4','2026','1','19','1539','0','2026-3','Kantoorkosten','0'),
('3821','2026-01-19','12:05:57','4','2026','1','19','1494','0','2026-4','Intrest','0');

DROP TABLE IF EXISTS `boekingsbedragen`;
CREATE TABLE `boekingsbedragen` (
  `boekingId` int(11) NOT NULL AUTO_INCREMENT,
  `boekId` int(11) NOT NULL,
  `rekeningId` int(11) NOT NULL,
  `useKey` varchar(1) NOT NULL,
  `bedrag` decimal(15,2) NOT NULL,
  PRIMARY KEY (`boekingId`),
  UNIQUE KEY `uniq_boek_rek_use` (`boekId`,`rekeningId`,`useKey`)
) ENGINE=InnoDB AUTO_INCREMENT=26499 DEFAULT CHARSET=utf8mb3 COLLATE=utf8mb3_general_ci;

INSERT INTO `boekingsbedragen` VALUES
('26167','3544','71','U','99.83'),
('26178','3552','71','U','900.00'),
('26179','3553','71','U','4785.96'),
('26180','3554','71','U','3437.52'),
('26181','3555','71','U','4.48'),
('26185','3559','71','U','45.96'),
('26186','3560','71','O','117.57'),
('26187','3561','71','O','117.57'),
('26188','3562','71','O','117.57'),
('26189','3563','71','O','117.57'),
('26190','3564','71','O','117.57'),
('26191','3565','71','O','117.57'),
('26192','3566','71','O','117.57'),
('26193','3567','71','O','117.57'),
('26194','3568','71','O','117.57'),
('26195','3569','71','O','117.57'),
('26196','3570','71','O','117.57'),
('26197','3571','71','O','117.57'),
('26198','3572','71','O','117.57'),
('26199','3573','71','O','117.57'),
('26200','3574','71','O','117.57'),
('26201','3575','71','O','117.57'),
('26202','3576','71','O','117.57'),
('26203','3577','71','O','117.57'),
('26204','3578','71','O','117.57'),
('26205','3579','71','O','117.57'),
('26206','3580','71','O','117.57'),
('26207','3581','71','O','117.57'),
('26208','3582','71','O','117.57'),
('26209','3583','71','O','117.57'),
('26210','3584','71','O','117.57'),
('26211','3585','71','U','25.20'),
('26215','3587','71','O','117.57'),
('26220','3593','71','U','191.92'),
('26222','3595','71','O','117.57'),
('26223','3596','71','O','117.57'),
('26224','3597','71','O','117.57'),
('26225','3598','71','O','117.57'),
('26226','3599','71','O','117.57'),
('26227','3600','71','O','117.57'),
('26228','3601','71','O','117.57'),
('26229','3602','71','O','117.57'),
('26232','3604','71','U','500.00'),
('26233','3605','71','U','876.98'),
('26234','3606','71','U','200.65'),
('26237','3610','71','O','117.57'),
('26240','3613','71','O','117.57'),
('26241','3614','71','O','4139.77'),
('26242','3615','71','O','1440.00'),
('26243','3616','71','O','450.00'),
('26244','3617','71','O','270.00'),
('26245','3618','71','O','1655.10'),
('26246','3619','71','O','450.00'),
('26247','3620','71','O','1996.58'),
('26248','3621','71','O','270.00'),
('26249','3622','71','O','1860.00'),
('26250','3623','71','O','180.00'),
('26251','3624','71','O','180.00'),
('26252','3625','71','O','3203.73'),
('26253','3626','71','O','3409.12'),
('26254','3627','71','O','180.00'),
('26255','3628','71','O','630.00'),
('26256','3629','71','U','24.00'),
('26257','3630','71','U','25.18'),
('26258','3631','71','U','3.86'),
('26259','3632','71','U','3.86'),
('26260','3633','71','U','3.86'),
('26261','3634','71','U','500.00'),
('26262','3635','71','U','500.00'),
('26263','3636','71','U','5.60'),
('26264','3637','71','U','6.05'),
('26265','3638','71','U','368.50'),
('26266','3639','71','U','73.59'),
('26267','3640','71','U','456.00'),
('26268','3641','71','U','97.37'),
('26269','3642','71','U','174.47'),
('26270','3643','71','U','5.60'),
('26271','3644','71','U','300.00'),
('26272','3645','71','U','300.00'),
('26273','3646','71','U','300.00'),
('26274','3647','71','U','2193.12'),
('26275','3648','71','U','2848.95'),
('26276','3649','71','U','4410.97'),
('26277','3650','71','U','3432.82'),
('26278','3651','71','U','3442.38'),
('26316','3654','71','O','117.57'),
('26317','3655','71','O','117.57'),
('26318','3656','71','O','117.57'),
('26319','3657','71','O','2756.62'),
('26320','3658','71','U','24.00'),
('26321','3659','71','U','30.94'),
('26322','3660','71','U','139.50'),
('26323','3661','71','U','35.49'),
('26324','3662','71','O','117.57'),
('26326','3663','71','U','41.80'),
('26327','3667','71','O','117.57'),
('26328','3668','71','O','3731.20'),
('26329','3669','71','O','117.57'),
('26331','3670','79','O','2000.00'),
('26332','3671','77','U','300.00'),
('26336','3673','79','U','100.00'),
('26337','3673','77','O','100.00'),
('26338','3674','78','O','556.00'),
('26339','3674','79','O','54245.55'),
('26340','3674','77','O','4845.22'),
('26341','3675','77','O','535.00'),
('26344','3677','79','O','50.00'),
('26347','3678','79','O','75.00'),
('26348','3678','77','O','50.00'),
('26349','3682','79','O','55.00'),
('26350','3679','79','O','20.00'),
('26351','3684','71','O','3731.20'),
('26352','3685','71','O','117.57'),
('26353','3686','71','U','3446.74'),
('26354','3687','71','U','4399.24'),
('26355','3683','79','U','500.00'),
('26356','3688','71','U','300.00'),
('26357','3689','71','O','3731.20'),
('26358','3690','71','U','500.00'),
('26359','3691','71','U','157.03'),
('26360','3692','71','U','43.00'),
('26361','3694','79','O','100.55'),
('26362','3698','71','U','3.86'),
('26364','3700','71','O','0.01'),
('26368','3693','79','O','150.00'),
('26370','3703','79','O','150.00'),
('26371','3704','71','U','500.00'),
('26373','3706','71','U','2938.05'),
('26375','3708','71','U','900.00'),
('26376','3709','71','U','2430.17'),
('26377','3710','71','U','3514.23'),
('26378','3711','71','O','3731.20'),
('26379','3712','71','O','117.57'),
('26380','3713','71','O','117.57'),
('26381','3714','71','O','117.57'),
('26382','3715','71','O','117.57'),
('26383','3716','71','U','862.51'),
('26384','3717','71','U','4702.26'),
('26385','3718','71','U','300.00'),
('26386','3719','71','U','24.00'),
('26387','3720','71','O','3731.20'),
('26388','3721','71','U','591.62'),
('26389','3722','71','U','625.00'),
('26390','3723','71','U','24.00'),
('26391','3724','77','U','3731.20'),
('26392','3725','104','O','957.59'),
('26393','3726','79','U','100.00'),
('26394','3726','77','O','100.00'),
('26395','3727','78','U','50.00'),
('26396','3727','79','O','50.00'),
('26397','3728','76','U','3.86'),
('26398','3729','76','U','242.00'),
('26399','3730','102','U','2461.70'),
('26400','3731','76','U','11.00'),
('26402','3733','76','O','117.57'),
('26403','3734','106','U','44934.90'),
('26404','3735','106','U','25477.14'),
('26405','3736','106','O','281.97'),
('26406','3737','106','O','148.90'),
('26407','3738','106','O','135.49'),
('26408','3739','106','O','38.00'),
('26410','3740','106','O','38.00'),
('26411','3741','106','O','19.00'),
('26412','3742','106','U','3552.22'),
('26413','3743','106','O','153.99'),
('26414','3744','106','O','70.33'),
('26415','3745','106','U','35.00'),
('26416','3746','106','O','1096.75'),
('26417','3747','106','O','19.00'),
('26418','3749','77','U','22.88'),
('26419','3748','106','O','19.00'),
('26420','3750','77','U','242.00'),
('26421','3751','79','U','13.70'),
('26422','3752','77','U','75.87'),
('26423','3753','108','U','40.00'),
('26424','3754','108','U','221.01'),
('26425','3755','106','O','272.00'),
('26426','3756','106','U','1423.61'),
('26427','3757','106','O','729.97'),
('26428','3758','102','U','767.05'),
('26429','3759','102','U','178.27'),
('26430','3760','102','U','261.79'),
('26431','3761','102','U','177.76'),
('26432','3762','102','U','39.27'),
('26433','3763','102','U','196.34'),
('26434','3764','102','U','130.90'),
('26435','3765','102','U','730.00'),
('26436','3766','102','U','775.51'),
('26437','3767','102','U','397.14'),
('26438','3768','102','U','233.71'),
('26439','3769','102','U','313.31'),
('26440','3770','102','U','90.02'),
('26441','3771','102','U','77.19'),
('26442','3772','102','U','211.12'),
('26443','3773','102','U','382.78'),
('26444','3774','102','U','1320.00'),
('26445','3775','102','U','755.58'),
('26446','3776','102','U','114.61'),
('26447','3777','102','U','7786.80'),
('26448','3778','102','U','3175.49'),
('26449','3779','102','U','71.88'),
('26450','3780','102','U','553.72'),
('26451','3781','102','U','134.98'),
('26452','3782','102','U','1167.53'),
('26453','3783','106','U','25477.14'),
('26454','3784','102','U','16287.28'),
('26455','3785','102','U','18260.25'),
('26456','3786','102','U','33143.27'),
('26457','3787','102','U','184.98'),
('26458','3788','106','U','44934.90'),
('26459','3789','106','U','100000.00'),
('26460','3789','102','O','100000.00'),
('26461','3790','84','O','97.46'),
('26463','3790','86','O','394097.90'),
('26464','3790','88','O','125168.05'),
('26465','3791','76','U','63.18'),
('26466','3792','102','O','18534.66'),
('26467','3793','106','O','332.00'),
('26468','3794','102','U','1405.13'),
('26469','3795','106','O','68.33'),
('26470','3796','108','O','500.00'),
('26477','3790','85','O','135017.84'),
('26478','3801','85','U','1135.88'),
('26479','3802','85','U','60.94'),
('26482','3804','85','U','775.51'),
('26483','3805','85','U','170.00'),
('26484','3806','85','U','576.80'),
('26485','3807','85','U','768.05'),
('26486','3808','85','U','445.09'),
('26487','3809','85','U','220.63'),
('26488','3810','85','U','84.15'),
('26489','3811','85','U','710.00'),
('26490','3813','85','U','7664.95'),
('26491','3814','85','U','1378.75'),
('26492','3815','85','O','1192.00'),
('26493','3816','85','O','25.51'),
('26494','3817','85','O','22.26'),
('26495','3818','85','O','3508.47'),
('26496','3819','85','U','397.61'),
('26497','3820','107','U','70.00'),
('26498','3821','107','O','200.00');

DROP TABLE IF EXISTS `boekjaren`;
CREATE TABLE `boekjaren` (
  `wateringId` int(11) NOT NULL,
  `jaar` int(11) NOT NULL,
  `afgesloten` varchar(1) NOT NULL,
  PRIMARY KEY (`wateringId`,`jaar`)
) ENGINE=InnoDB DEFAULT CHARSET=utf8mb4 COLLATE=utf8mb4_general_ci;

INSERT INTO `boekjaren` VALUES
('4','2025','X'),
('4','2026',''),
('7','2025','X'),
('7','2026',''),
('8','2026',''),
('9','2026',''),
('10','2026',''),
('12','2026','');

DROP TABLE IF EXISTS `facturen`;
CREATE TABLE `facturen` (
  `factuurId` int(11) NOT NULL AUTO_INCREMENT,
  `wateringId` int(11) NOT NULL,
  `jaar` int(4) NOT NULL,
  `orderID` int(11) NOT NULL,
  `verwerkt` tinyint(1) NOT NULL,
  `verwerktOp` datetime DEFAULT NULL,
  PRIMARY KEY (`factuurId`)
) ENGINE=InnoDB AUTO_INCREMENT=193 DEFAULT CHARSET=utf8mb4 COLLATE=utf8mb4_general_ci;

INSERT INTO `facturen` VALUES
('10','7','2025','79839717','1','2025-11-06 07:51:42'),
('11','7','2025','80101804','1','2025-11-10 15:50:16'),
('12','7','2025','80100473','1','2025-11-10 15:51:27'),
('13','7','2025','80099614','1','2025-11-10 15:52:24'),
('14','7','2025','80221401','1','2025-11-10 16:01:43'),
('15','7','2025','79457907','1','2025-11-10 16:02:45'),
('16','7','2025','80099840','1','2025-11-10 16:03:41'),
('17','7','2025','79988564','1','2025-11-10 16:07:55'),
('18','7','2025','80211571','1','2025-11-10 16:09:14'),
('19','7','2025','79823380','1','2025-11-10 16:13:23'),
('20','7','2025','79823435','1','2025-11-10 16:13:55'),
('21','7','2025','79823482','1','2025-11-10 16:14:28'),
('22','7','2025','79823585','1','2025-11-10 16:14:50'),
('23','7','2025','79823615','1','2025-11-10 16:15:10'),
('24','7','2025','79823664','1','2025-11-10 16:15:31'),
('25','7','2025','79823700','1','2025-11-10 16:15:49'),
('26','7','2025','79823793','1','2025-11-10 16:16:08'),
('27','7','2025','79823830','1','2025-11-10 16:16:26'),
('28','7','2025','79823981','1','2025-11-10 16:16:44'),
('29','7','2025','79824049','1','2025-11-10 16:17:03'),
('30','7','2025','79824085','1','2025-11-10 16:17:19'),
('31','7','2025','79824128','1','2025-11-10 16:17:35'),
('32','7','2025','79824175','1','2025-11-10 16:17:51'),
('33','7','2025','79824313','1','2025-11-10 16:18:07'),
('34','7','2025','79824391','1','2025-11-10 16:18:23'),
('35','7','2025','79824582','1','2025-11-10 16:18:44'),
('36','7','2025','79831833','1','2025-11-10 16:19:02'),
('37','7','2025','79831880','1','2025-11-10 16:19:18'),
('38','7','2025','79832186','1','2025-11-10 16:19:34'),
('39','7','2025','79832256','1','2025-11-10 16:19:51'),
('40','7','2025','79832340','1','2025-11-10 16:20:05'),
('41','7','2025','79832395','1','2025-11-10 16:20:23'),
('42','7','2025','79832437','1','2025-11-10 16:20:39'),
('43','7','2025','79839254','1','2025-11-10 16:20:54'),
('44','7','2025','79471736','1','2025-11-10 16:22:41'),
('45','7','2025','79823548','1','2025-11-14 08:17:03'),
('46','7','2025','80782115','1','2025-11-17 13:24:24'),
('47','7','2025','79457069','1','2025-11-18 13:27:03'),
('48','7','2025','81467110','1','2025-11-18 13:28:19'),
('49','7','2025','79840228','1','2025-11-18 14:57:20'),
('50','7','2025','79823334','1','2025-11-18 15:06:46'),
('51','7','2025','79823740','1','2025-11-18 15:09:13'),
('52','7','2025','79840795','1','2025-11-18 15:10:12'),
('53','7','2025','79840701','1','2025-11-18 15:10:51'),
('54','7','2025','79840371','1','2025-11-18 15:12:04'),
('55','7','2025','79823897','1','2025-11-18 15:14:10'),
('56','7','2025','79768776','1','2025-11-18 15:15:13'),
('57','7','2025','79824496','1','2025-11-18 20:18:33'),
('58','7','2025','79839602','1','2025-11-19 06:37:36'),
('59','7','2025','79577142','1','2025-11-20 06:07:08'),
('60','7','2025','80921721','1','2025-11-20 06:10:09'),
('61','7','2025','79823034','1','2025-11-20 08:28:10'),
('62','7','2025','105856950','1','2025-11-20 11:46:43'),
('63','7','2025','105113538','1','2025-11-20 11:47:31'),
('64','7','2025','105113539','1','2025-11-20 11:48:27'),
('65','7','2025','105113540','1','2025-11-20 11:49:31'),
('66','7','2025','105113541','1','2025-11-20 11:50:16'),
('67','7','2025','102429731','1','2025-11-20 11:51:34'),
('68','7','2025','102429732','1','2025-11-20 11:52:29'),
('69','7','2025','102429734','1','2025-11-20 11:53:25'),
('70','7','2025','102429741','1','2025-11-20 11:54:25'),
('71','7','2025','102429743','1','2025-11-20 11:55:23'),
('72','7','2025','102429749','1','2025-11-20 11:56:17'),
('73','7','2025','102429757','1','2025-11-20 11:57:23'),
('74','7','2025','102429758','1','2025-11-20 11:58:15'),
('75','7','2025','102429759','1','2025-11-20 11:59:13'),
('76','7','2025','102429761','1','2025-11-20 12:01:45'),
('77','7','2025','102429760','1','2025-11-20 12:04:15'),
('78','7','2025','102429748','1','2025-11-20 12:05:10'),
('79','7','2025','102429751','1','2025-11-20 12:09:41'),
('80','7','2025','102429744','1','2025-11-20 12:10:18'),
('81','7','2025','105362944','1','2025-11-20 12:10:36'),
('82','7','2025','102429755','1','2025-11-20 12:11:33'),
('83','7','2025','102429735','1','2025-11-20 12:11:58'),
('84','7','2025','102429730','1','2025-11-20 12:13:27'),
('85','7','2025','102429742','1','2025-11-20 12:14:17'),
('86','7','2025','102429745','1','2025-11-20 12:15:00'),
('87','7','2025','102429746','1','2025-11-20 12:15:35'),
('88','7','2025','102429747','1','2025-11-20 12:16:08'),
('89','7','2025','102429750','1','2025-11-20 12:16:36'),
('90','7','2025','102429756','1','2025-11-20 12:17:25'),
('91','7','2025','106433416','1','2025-11-20 12:18:08'),
('92','7','2025','106433417','1','2025-11-20 12:18:41'),
('93','7','2025','102429752','1','2025-11-20 12:19:06'),
('94','7','2025','102429739','1','2025-11-20 12:19:26'),
('95','7','2025','102429737','1','2025-11-20 12:20:53'),
('96','7','2025','102429738','1','2025-11-20 12:21:25'),
('97','7','2025','102429754','1','2025-11-20 12:22:04'),
('98','7','2025','102429753','1','2025-11-20 12:22:28'),
('99','7','2025','102429740','1','2025-11-20 12:22:48'),
('100','7','2025','79494696','1','2025-11-20 13:36:09'),
('101','7','2025','107339877','1','2025-11-20 13:37:30'),
('102','7','2025','79824496','1','2025-11-21 09:31:54'),
('103','7','2025','79831962','1','2025-11-22 07:47:08'),
('104','7','2025','79832093','1','2025-11-22 07:47:41'),
('105','7','2025','108941351','1','2025-11-24 14:21:45'),
('106','7','2025','81360394','1','2025-11-24 14:23:01'),
('107','7','2025','81829449','1','2025-11-25 16:41:44'),
('108','7','2025','81829397','1','2025-11-25 16:42:05'),
('109','7','2025','81829431','1','2025-11-25 16:42:24'),
('110','7','2025','79824268','1','2025-11-26 06:32:11'),
('111','7','2025','81467110','1','2025-11-26 06:57:58'),
('112','7','2025','79824431','1','2025-11-27 15:57:35'),
('113','7','2025','81600284','1','2025-11-28 05:58:59'),
('114','7','2025','79840959','1','2025-11-28 05:59:52'),
('115','7','2025','81599589','1','2025-12-01 12:11:29'),
('116','7','2025','79823946','1','2025-12-02 09:04:22'),
('117','7','2025','82726589','1','2025-12-02 09:23:43'),
('118','7','2025','82725663','1','2025-12-02 09:24:29'),
('119','7','2025','111410659','1','2025-12-03 09:36:01'),
('120','7','2025','81600400','1','2025-12-03 09:37:47'),
('121','7','2025','83065433','1','2025-12-03 13:16:46'),
('122','7','2025','82879649','1','2025-12-03 13:17:22'),
('123','7','2025','82746485','1','2025-12-03 15:38:04'),
('124','7','2025','111842622','1','2025-12-05 12:59:51'),
('125','7','2025','112525168','1','2025-12-08 13:12:09'),
('126','7','2025','81600021','1','2025-12-10 08:29:33'),
('127','7','2025','85553585','1','2025-12-23 16:28:34'),
('128','7','2025','85554265','1','2025-12-23 16:29:14'),
('129','7','2025','85553907','1','2025-12-23 16:29:44'),
('130','7','2025','85554923','1','2025-12-23 16:30:50'),
('131','7','2025','85074688','1','2025-12-23 16:31:56'),
('132','7','2025','85074872','1','2025-12-23 16:32:35'),
('133','7','2025','85075115','1','2025-12-23 16:32:59'),
('134','7','2025','81600174','1','2025-12-23 16:36:28'),
('135','7','2025','79831721','1','2025-12-23 16:37:59'),
('136','7','2025','79824464','1','2025-12-23 16:38:46'),
('137','7','2025','79832300','1','2025-12-23 16:39:28'),
('138','7','2025','79824535','1','2025-12-23 16:40:19'),
('139','7','2025','85554758','1','2025-12-23 16:41:49'),
('140','7','2025','85554503','1','2025-12-23 16:42:43'),
('141','7','2025','117993782','1','2025-12-23 16:57:50'),
('142','7','2025','117764797','1','2025-12-24 07:28:28'),
('143','7','2025','81600021','1','2025-12-24 11:40:28'),
('144','7','2025','85566693','1','2025-12-26 12:54:27'),
('145','7','2025','85799458','1','2025-12-29 07:20:16'),
('146','7','2025','119464574','1','2025-12-30 10:21:17'),
('147','4','2025','81600021','1','2025-12-31 14:05:38'),
('148','7','2026','122222854','1','2026-01-08 16:58:37'),
('149','7','2026','88028793','1','2026-01-08 17:00:56'),
('150','12','2025','87086534','1','2026-01-12 08:58:50'),
('151','7','2026','123585773','1','2026-01-12 09:50:49'),
('152','7','2026','88659707','1','2026-01-12 09:51:28'),
('153','7','2025','79840477','1','2026-01-12 10:14:04'),
('154','4','2026','87643530','1','2026-01-12 14:50:28'),
('155','4','2026','87805370','1','2026-01-12 14:50:37'),
('156','4','2025','86540711','1','2026-01-12 14:50:53'),
('157','4','2025','86541626','1','2026-01-12 14:51:02'),
('158','4','2026','88660974','1','2026-01-12 14:52:02'),
('159','4','2025','87819390','1','2026-01-12 14:52:27'),
('160','12','2025','88663009','1','2026-01-14 07:50:39'),
('161','12','2025','88669352','1','2026-01-14 07:51:26'),
('162','12','2025','88670207','1','2026-01-14 07:52:13'),
('163','12','2025','88671064','1','2026-01-14 07:52:43'),
('164','12','2025','88672317','1','2026-01-14 07:53:06'),
('165','12','2025','88673088','1','2026-01-14 07:53:51'),
('166','12','2025','88676277','1','2026-01-14 07:54:09'),
('167','12','2025','88648012','1','2026-01-14 07:54:25'),
('168','12','2025','88649900','1','2026-01-14 07:57:39'),
('169','12','2025','88649318','1','2026-01-14 07:57:58'),
('170','12','2025','88651957','1','2026-01-14 08:01:06'),
('171','12','2025','88653470','1','2026-01-14 08:01:24'),
('172','12','2025','88654428','1','2026-01-14 08:01:40'),
('173','12','2025','88655376','1','2026-01-14 08:01:57'),
('174','12','2025','88656642','1','2026-01-14 08:02:12'),
('175','12','2025','88657380','1','2026-01-14 08:02:33'),
('176','12','2025','88659443','1','2026-01-14 08:02:49'),
('177','12','2025','88658080','1','2026-01-14 08:03:06'),
('178','12','2025','88660335','1','2026-01-14 08:03:20'),
('179','12','2025','88661115','1','2026-01-14 08:03:39'),
('180','12','2025','88661879','1','2026-01-14 08:12:43'),
('181','12','2025','88665022','1','2026-01-14 08:13:02'),
('182','12','2025','88666525','1','2026-01-14 08:13:20'),
('183','12','2025','88667424','1','2026-01-14 08:13:35'),
('184','12','2025','88668049','1','2026-01-14 08:13:52'),
('185','12','2026','89216108','1','2026-01-15 08:41:34'),
('186','12','2026','89204480','1','2026-01-15 08:42:22'),
('187','12','2026','89210611','1','2026-01-15 08:42:49'),
('188','12','2026','89211203','1','2026-01-15 08:43:06'),
('189','12','2025','89218421','1','2026-01-15 08:43:39'),
('190','12','2025','89214889','1','2026-01-15 08:44:24'),
('191','7','2025','89245101','1','2026-01-15 16:32:24'),
('192','12','2026','87558321','1','2026-01-16 07:44:55');

DROP TABLE IF EXISTS `hoofdposten`;
CREATE TABLE `hoofdposten` (
  `hoofdpostId` int(11) NOT NULL AUTO_INCREMENT,
  `jaar` int(11) NOT NULL,
  `useKey` varchar(1) NOT NULL,
  `typeId` varchar(2) NOT NULL,
  `referentie` varchar(4) NOT NULL,
  `omschrijving` varchar(100) NOT NULL,
  `omschrijvingBegroting` varchar(255) NOT NULL,
  `reserve` tinyint(1) NOT NULL,
  `andere` tinyint(1) NOT NULL,
  PRIMARY KEY (`hoofdpostId`)
) ENGINE=InnoDB AUTO_INCREMENT=80 DEFAULT CHARSET=utf8mb3 COLLATE=utf8mb3_general_ci;

INSERT INTO `hoofdposten` VALUES
('14','2026','O','GO','I','Algemene werking','Hoofdstuk I - ALGEMENE WERKING','0','0'),
('15','2026','O','GO','II','Waterlopen','Hoofdstuk II - WATERLOPEN','0','0'),
('16','2026','O','GO','III','Kunstwerken','Hoofdstuk III - KUNSTWERKEN','0','0'),
('17','2026','O','GO','IV','Patrimonium','Hoofdstuk IV - PATRIMONIUM','0','0'),
('19','2026','O','BO','V','Roerend goed','Hoofdstuk VI - ROEREND GOED','0','0'),
('20','2026','O','BO','VI','Onroerend goed','Hoofdstuk VII - ONROEREND GOED','0','0'),
('21','2026','O','BO','VII','Inrichtings- en verbeteringsprojecten','Hoofdstuk VIII - INRICHTINGS- EN VERBETERINGSPROJECTEN','0','0'),
('22','2026','O','BO','VIII','Automatisatie & digitalisering','Hoofdstuk IX - AUTOMATISATIE & DIGITALISERING','0','0'),
('23','2026','O','BO','IX','Andere','Hoofdstuk X - ANDERE','0','1'),
('25','2026','U','GU','I','Algemene werking','Hoofdstuk I - ALGEMENE WERKING','0','0'),
('26','2026','U','GU','II','Waterlopen','Hoofdstuk II - WATERLOPEN','0','0'),
('27','2026','U','GU','III','Kunstwerken','Hoofdstuk III - KUNSTWERKEN','0','0'),
('28','2026','U','GU','IV','Patrimonium','Hoofdstuk IV - PATRIMONIUM','0','0'),
('30','2026','U','BU','V','Roerend goed','Hoofdstuk VI - ROEREND GOED','0','0'),
('31','2026','U','BU','VI','Onroerend goed','Hoofdstuk VII - ONROEREND GOED','0','0'),
('32','2026','U','BU','VII','Inrichtings- en verbeteringsprojecten','Hoofdstuk VIII - INRICHTINGS- EN VERBETERINGSPROJECTEN','0','0'),
('33','2026','U','BU','VIII','Automatisatie & digitalisering (> €3000)','Hoofdstuk IX - AUTOMATISATIE & DIGITALISERING (> €3000)','0','0'),
('34','2026','U','BU','IX','Andere','Hoofdstuk X - ANDERE','0','1'),
('62','2025','O','GO','I','Algemene werking','Hoofdstuk I - ALGEMENE WERKING','0','0'),
('63','2025','O','GO','II','Waterlopen','Hoofdstuk II - WATERLOPEN','0','0'),
('64','2025','O','GO','III','Kunstwerken','Hoofdstuk III - KUNSTWERKEN','0','0'),
('65','2025','O','GO','IV','Patrimonium','Hoofdstuk IV - PATRIMONIUM','0','0'),
('66','2025','O','BO','V','Roerend goed','Hoofdstuk VI - ROEREND GOED','0','0'),
('67','2025','O','BO','VI','Onroerend goed','Hoofdstuk VII - ONROEREND GOED','0','0'),
('68','2025','O','BO','VII','Inrichtings- en verbeteringsprojecten','Hoofdstuk VIII - INRICHTINGS- EN VERBETERINGSPROJECTEN','0','0'),
('69','2025','O','BO','VIII','Automatisatie & digitalisering','Hoofdstuk IX - AUTOMATISATIE & DIGITALISERING','0','0'),
('70','2025','O','BO','IX','Andere','Hoofdstuk X - ANDERE','0','1'),
('71','2025','U','GU','I','Algemene werking','Hoofdstuk I - ALGEMENE WERKING','0','0'),
('72','2025','U','GU','II','Waterlopen','Hoofdstuk II - WATERLOPEN','0','0'),
('73','2025','U','GU','III','Kunstwerken','Hoofdstuk III - KUNSTWERKEN','0','0'),
('74','2025','U','GU','IV','Patrimonium','Hoofdstuk IV - PATRIMONIUM','0','0'),
('75','2025','U','BU','V','Roerend goed','Hoofdstuk VI - ROEREND GOED','0','0'),
('76','2025','U','BU','VI','Onroerend goed','Hoofdstuk VII - ONROEREND GOED','0','0'),
('77','2025','U','BU','VII','Inrichtings- en verbeteringsprojecten','Hoofdstuk VIII - INRICHTINGS- EN VERBETERINGSPROJECTEN','0','0'),
('78','2025','U','BU','VIII','Automatisatie & digitalisering (> €3000)','Hoofdstuk IX - AUTOMATISATIE & DIGITALISERING (> €3000)','0','0'),
('79','2025','U','BU','IX','Andere','Hoofdstuk X - ANDERE','0','1');

DROP TABLE IF EXISTS `posten`;
CREATE TABLE `posten` (
  `postId` int(11) NOT NULL AUTO_INCREMENT,
  `wateringId` int(11) NOT NULL,
  `jaar` int(11) NOT NULL,
  `hoofdpostId` int(11) NOT NULL,
  `referentie` int(11) NOT NULL,
  `omschrijving` varchar(255) NOT NULL,
  `raming` decimal(15,2) NOT NULL,
  `actief` varchar(1) NOT NULL,
  `overdrachtPost` varchar(1) NOT NULL,
  PRIMARY KEY (`postId`)
) ENGINE=InnoDB AUTO_INCREMENT=1581 DEFAULT CHARSET=utf8mb3 COLLATE=utf8mb3_general_ci;

INSERT INTO `posten` VALUES
('742','7','2025','62','1','Vorige dienstjaren','0.00','X',''),
('743','7','2025','62','2','Inning werkingsmiddelen ','0.00','X',''),
('744','7','2025','62','3','Bijeenkomsten','0.00','X',''),
('745','7','2025','62','4','Suatierecht','0.00','',''),
('746','7','2025','62','5','Tegemoetkoming in personeelskosten','0.00','',''),
('747','7','2025','62','6','Sociale bijdragen','0.00','',''),
('748','7','2025','62','7','Verzekeringen','0.00','',''),
('749','7','2025','62','8','Intrest','0.00','',''),
('750','7','2025','62','9','Ruwwaterlevering','0.00','',''),
('751','7','2025','62','10','PR','0.00','',''),
('752','7','2025','62','11','Terug te vorderen kosten eigen aan de werking','0.00','',''),
('753','7','2025','62','12','Vergunningen/licenties/machtigingen','4500.00','X',''),
('754','7','2025','62','13','Verkeerdelijk gestorte bedragen','150.00','X',''),
('755','7','2025','63','14','Vorige dienstjaren','0.00','',''),
('756','7','2025','63','15','2e categorie eigen dienstjaar','0.00','',''),
('757','7','2025','63','16','3e categorie eigen dienstjaar','0.00','',''),
('758','7','2025','63','17','Andere','0.00','',''),
('759','7','2025','64','18','Vorige dienstjaren','0.00','',''),
('760','7','2025','64','19','De Vlaamse Waterweg','0.00','',''),
('761','7','2025','64','20','VMM','0.00','',''),
('762','7','2025','64','21','Provincie','0.00','',''),
('763','7','2025','64','22','Gemeenten','0.00','',''),
('764','7','2025','64','23','Andere','0.00','',''),
('765','7','2025','65','24','Vorige dienstjaren','0.00','',''),
('766','7','2025','65','25','Verhuringen','0.00','',''),
('767','7','2025','65','26','Groenbeheer','0.00','',''),
('768','7','2025','65','27','(On)roerende voorheffing en belastingen','0.00','',''),
('769','7','2025','65','28','Wegenis','0.00','',''),
('770','7','2025','66','29','Verkoop van roerend goed','0.00','',''),
('771','7','2025','66','30','Subsidie voor aankoop rollend materieel','0.00','',''),
('772','7','2025','66','31','Lening','0.00','',''),
('773','7','2025','67','32','Verkoop van onroerend goed','0.00','',''),
('774','7','2025','67','33','Subsidie voor aankoop gebouwen','0.00','',''),
('775','7','2025','67','34','Subsidie voor aankoop terreinen','0.00','',''),
('776','7','2025','67','35','Lening','0.00','',''),
('777','7','2025','68','36','Vlaanderen','0.00','',''),
('778','7','2025','68','37','Provincie','0.00','',''),
('779','7','2025','68','38','Andere','0.00','',''),
('780','7','2025','68','39','Lening','0.00','',''),
('781','7','2025','69','40','Vlaanderen','0.00','',''),
('782','7','2025','69','41','Provincie','0.00','',''),
('783','7','2025','69','42','Andere','0.00','',''),
('784','7','2025','69','43','Lening','0.00','',''),
('785','7','2025','71','1','Vorige dienstjaren','0.00','',''),
('786','7','2025','71','2','Inningskosten ','0.00','',''),
('787','7','2025','71','3','Bijeenkomsten ','0.00','X',''),
('788','7','2025','71','4','Personeelskosten','50000.00','X',''),
('789','7','2025','71','5','Bestuurskosten','7000.00','X',''),
('790','7','2025','71','6','Sociale bijdragen en beheerskosten sociaal secretariaat','69000.00','X',''),
('791','7','2025','71','7','Verzekeringen','1100.00','X',''),
('792','7','2025','71','8','Bankkosten','50.00','X',''),
('793','7','2025','71','9','Erelonen','10000.00','X',''),
('794','7','2025','71','10','Kantoorkosten','600.00','X',''),
('795','7','2025','71','11','Water, verwarming, elektriciteit ','0.00','',''),
('796','7','2025','71','12','ICT (hardware, software, abonnementen)','0.00','X',''),
('797','7','2025','71','13','Lidmaatschappen','650.00','X',''),
('798','7','2025','71','14','PR','500.00','X',''),
('799','7','2025','71','15','Terug te vorderen kosten eigen aan de werking ','0.00','',''),
('800','7','2025','71','16','Vergunningen/licenties/machtigingen','0.00','X',''),
('801','7','2025','71','17','Terugbetaling verkeerdelijk gestorte sommen','0.00','',''),
('802','7','2025','72','18','Vorige dienstjaren','0.00','',''),
('803','7','2025','72','19','2e categorie eigen dienstjaar','0.00','',''),
('804','7','2025','72','20','3e categorie eigen dienstjaar','0.00','',''),
('805','7','2025','72','21','Publieke grachten eigen dienstjaar','0.00','',''),
('806','7','2025','72','22','Andere','0.00','',''),
('807','7','2025','73','23','Vorige dienstjaren','0.00','',''),
('808','7','2025','73','24','De Vlaamse Waterweg','0.00','',''),
('809','7','2025','73','25','VMM','0.00','',''),
('810','7','2025','73','26','Provincie','0.00','',''),
('811','7','2025','73','27','Gemeenten','0.00','',''),
('812','7','2025','73','28','Eigen kunstwerken','0.00','',''),
('813','7','2025','73','29','Andere','0.00','',''),
('814','7','2025','74','30','Vorige dienstjaren','0.00','',''),
('815','7','2025','74','31','Huur','0.00','X',''),
('816','7','2025','74','32','Groenbeheer','0.00','',''),
('817','7','2025','74','33','(On)roerende voorheffing en belastingen','0.00','',''),
('818','7','2025','74','34','Kleine herstellingen en onderhoud kantoor- en andere gebouwen (< €3000)','0.00','',''),
('819','7','2025','74','35','Kleine herstellingen en onderhoud rollend materieel','0.00','X',''),
('820','7','2025','74','36','Gereedschappen en materieel','0.00','',''),
('821','7','2025','74','37','Wegenis','0.00','',''),
('822','7','2025','75','38','Verwerving van roerend goed','0.00','',''),
('823','7','2025','75','39','Rollend materieel','0.00','',''),
('824','7','2025','75','40','Lening','0.00','',''),
('825','7','2025','76','41','Verwerving van onroerend goed','0.00','',''),
('826','7','2025','76','42','Gebouwen','0.00','',''),
('827','7','2025','76','43','Terreinen','0.00','',''),
('828','7','2025','76','44','Lening','0.00','',''),
('829','7','2025','77','45','Studiekosten','0.00','',''),
('830','7','2025','77','46','Uitvoering','0.00','',''),
('831','7','2025','77','47','Andere','0.00','',''),
('832','7','2025','77','48','Lening','0.00','',''),
('833','7','2025','78','49','Andere','0.00','',''),
('834','7','2025','79','50','Andere','0.00','',''),
('835','7','2025','70','44','Andere','0.00','',''),
('930','7','2026','14','1','Vorige dienstjaren','0.00','X',''),
('931','7','2026','14','2','Inning werkingsmiddelen ','0.00','X',''),
('932','7','2026','14','3','Bijeenkomsten','0.00','X',''),
('933','7','2026','14','4','Suatierecht','0.00','',''),
('934','7','2026','14','5','Tegemoetkoming in personeelskosten','0.00','',''),
('935','7','2026','14','6','Sociale bijdragen','0.00','',''),
('936','7','2026','14','7','Verzekeringen','0.00','',''),
('937','7','2026','14','8','Intrest','0.00','',''),
('938','7','2026','14','9','Ruwwaterlevering','0.00','',''),
('939','7','2026','14','10','PR','0.00','',''),
('940','7','2026','14','11','Terug te vorderen kosten eigen aan de werking','0.00','',''),
('941','7','2026','14','12','Vergunningen/licenties/machtigingen','4500.00','X',''),
('942','7','2026','14','13','Verkeerdelijk gestorte bedragen','150.00','X',''),
('943','7','2026','15','14','Vorige dienstjaren','0.00','',''),
('944','7','2026','15','15','2e categorie eigen dienstjaar','0.00','',''),
('945','7','2026','15','16','3e categorie eigen dienstjaar','0.00','',''),
('946','7','2026','15','17','Andere','0.00','',''),
('947','7','2026','16','18','Vorige dienstjaren','0.00','',''),
('948','7','2026','16','19','De Vlaamse Waterweg','0.00','',''),
('949','7','2026','16','20','VMM','0.00','',''),
('950','7','2026','16','21','Provincie','0.00','',''),
('951','7','2026','16','22','Gemeenten','0.00','',''),
('952','7','2026','16','23','Andere','0.00','',''),
('953','7','2026','17','24','Vorige dienstjaren','0.00','',''),
('954','7','2026','17','25','Verhuringen','0.00','',''),
('955','7','2026','17','26','Groenbeheer','0.00','',''),
('956','7','2026','17','27','(On)roerende voorheffing en belastingen','0.00','',''),
('957','7','2026','17','28','Wegenis','0.00','',''),
('958','7','2026','19','29','Verkoop van roerend goed','0.00','',''),
('959','7','2026','19','30','Subsidie voor aankoop rollend materieel','0.00','',''),
('960','7','2026','19','31','Lening','0.00','',''),
('961','7','2026','20','32','Verkoop van onroerend goed','0.00','',''),
('962','7','2026','20','33','Subsidie voor aankoop gebouwen','0.00','',''),
('963','7','2026','20','34','Subsidie voor aankoop terreinen','0.00','',''),
('964','7','2026','20','35','Lening','0.00','',''),
('965','7','2026','21','36','Vlaanderen','0.00','',''),
('966','7','2026','21','37','Provincie','0.00','',''),
('967','7','2026','21','38','Andere','0.00','',''),
('968','7','2026','21','39','Lening','0.00','',''),
('969','7','2026','22','40','Vlaanderen','0.00','',''),
('970','7','2026','22','41','Provincie','0.00','',''),
('971','7','2026','22','42','Andere','0.00','',''),
('972','7','2026','22','43','Lening','0.00','',''),
('973','7','2026','25','1','Vorige dienstjaren','0.00','',''),
('974','7','2026','25','2','Inningskosten ','0.00','',''),
('975','7','2026','25','3','Bijeenkomsten ','0.00','X',''),
('976','7','2026','25','4','Personeelskosten','50000.00','X',''),
('977','7','2026','25','5','Bestuurskosten','7000.00','X',''),
('978','7','2026','25','6','Sociale bijdragen en beheerskosten sociaal secretariaat','69000.00','X',''),
('979','7','2026','25','7','Verzekeringen','1100.00','X',''),
('980','7','2026','25','8','Bankkosten','50.00','X',''),
('981','7','2026','25','9','Erelonen','10000.00','X',''),
('982','7','2026','25','10','Kantoorkosten','600.00','X',''),
('983','7','2026','25','11','Water, verwarming, elektriciteit ','0.00','',''),
('984','7','2026','25','12','ICT (hardware, software, abonnementen)','1000.00','X',''),
('985','7','2026','25','13','Lidmaatschappen','650.00','X',''),
('986','7','2026','25','14','PR','500.00','X',''),
('987','7','2026','25','15','Terug te vorderen kosten eigen aan de werking ','0.00','',''),
('988','7','2026','25','16','Vergunningen/licenties/machtigingen','0.00','X',''),
('989','7','2026','25','17','Terugbetaling verkeerdelijk gestorte sommen','0.00','',''),
('990','7','2026','26','18','Vorige dienstjaren','0.00','',''),
('991','7','2026','26','19','2e categorie eigen dienstjaar','0.00','',''),
('992','7','2026','26','20','3e categorie eigen dienstjaar','0.00','',''),
('993','7','2026','26','21','Publieke grachten eigen dienstjaar','0.00','',''),
('994','7','2026','26','22','Andere','0.00','',''),
('995','7','2026','27','23','Vorige dienstjaren','0.00','',''),
('996','7','2026','27','24','De Vlaamse Waterweg','0.00','',''),
('997','7','2026','27','25','VMM','0.00','',''),
('998','7','2026','27','26','Provincie','0.00','',''),
('999','7','2026','27','27','Gemeenten','0.00','',''),
('1000','7','2026','27','28','Eigen kunstwerken','0.00','',''),
('1001','7','2026','27','29','Andere','0.00','',''),
('1002','7','2026','28','30','Vorige dienstjaren','0.00','',''),
('1003','7','2026','28','31','Huur','0.00','X',''),
('1004','7','2026','28','32','Groenbeheer','0.00','',''),
('1005','7','2026','28','33','(On)roerende voorheffing en belastingen','0.00','',''),
('1006','7','2026','28','34','Kleine herstellingen en onderhoud kantoor- en andere gebouwen (< €3000)','0.00','',''),
('1007','7','2026','28','35','Kleine herstellingen en onderhoud rollend materieel','0.00','X',''),
('1008','7','2026','28','36','Gereedschappen en materieel','0.00','',''),
('1009','7','2026','28','37','Wegenis','0.00','',''),
('1010','7','2026','30','38','Verwerving van roerend goed','0.00','',''),
('1011','7','2026','30','39','Rollend materieel','0.00','',''),
('1012','7','2026','30','40','Lening','0.00','',''),
('1013','7','2026','31','41','Verwerving van onroerend goed','0.00','',''),
('1014','7','2026','31','42','Gebouwen','0.00','',''),
('1015','7','2026','31','43','Terreinen','0.00','',''),
('1016','7','2026','31','44','Lening','0.00','',''),
('1017','7','2026','32','45','Studiekosten','0.00','',''),
('1018','7','2026','32','46','Uitvoering','0.00','',''),
('1019','7','2026','32','47','Andere','0.00','',''),
('1020','7','2026','32','48','Lening','0.00','',''),
('1021','7','2026','33','49','Andere','0.00','',''),
('1022','7','2026','34','50','Andere','0.00','',''),
('1023','7','2026','23','44','Andere','0.00','',''),
('1024','4','2025','62','1','Vorige dienstjaren','50000.00','X',''),
('1025','4','2025','62','2','Inning werkingsmiddelen ','60000.00','X',''),
('1026','4','2025','62','3','Bijeenkomsten','0.00','X',''),
('1027','4','2025','62','4','Suatierecht','0.00','',''),
('1028','4','2025','62','5','Tegemoetkoming in personeelskosten','0.00','',''),
('1029','4','2025','62','6','Sociale bijdragen','0.00','X',''),
('1030','4','2025','62','7','Verzekeringen','0.00','',''),
('1031','4','2025','62','8','Intrest','0.00','X',''),
('1032','4','2025','62','9','Ruwwaterlevering','0.00','X',''),
('1033','4','2025','62','10','PR','0.00','',''),
('1034','4','2025','62','11','Terug te vorderen kosten eigen aan de werking','0.00','',''),
('1035','4','2025','62','12','Vergunningen/licenties/machtigingen','4500.00','X',''),
('1036','4','2025','62','13','Verkeerdelijk gestorte bedragen','150.00','X',''),
('1037','4','2025','63','14','Vorige dienstjaren','0.00','',''),
('1038','4','2025','63','15','2e categorie eigen dienstjaar','0.00','',''),
('1039','4','2025','63','16','3e categorie eigen dienstjaar','0.00','',''),
('1040','4','2025','63','17','Andere','0.00','',''),
('1041','4','2025','64','18','Vorige dienstjaren','0.00','',''),
('1042','4','2025','64','19','De Vlaamse Waterweg','0.00','',''),
('1043','4','2025','64','20','VMM','0.00','',''),
('1044','4','2025','64','21','Provincie','0.00','',''),
('1045','4','2025','64','22','Gemeenten','0.00','',''),
('1046','4','2025','64','23','Andere','0.00','',''),
('1047','4','2025','65','24','Vorige dienstjaren','0.00','',''),
('1048','4','2025','65','25','Verhuringen','0.00','',''),
('1049','4','2025','65','26','Groenbeheer','0.00','',''),
('1050','4','2025','65','27','(On)roerende voorheffing en belastingen','0.00','',''),
('1051','4','2025','65','28','Wegenis','0.00','',''),
('1052','4','2025','66','29','Verkoop van roerend goed','0.00','',''),
('1053','4','2025','66','30','Subsidie voor aankoop rollend materieel','0.00','',''),
('1054','4','2025','66','31','Lening','0.00','',''),
('1055','4','2025','67','32','Verkoop van onroerend goed','0.00','',''),
('1056','4','2025','67','33','Subsidie voor aankoop gebouwen','0.00','',''),
('1057','4','2025','67','34','Subsidie voor aankoop terreinen','0.00','',''),
('1058','4','2025','67','35','Lening','0.00','',''),
('1059','4','2025','68','36','Vlaanderen','0.00','',''),
('1060','4','2025','68','37','Provincie','0.00','',''),
('1061','4','2025','68','38','Andere','0.00','',''),
('1062','4','2025','68','39','Lening','0.00','',''),
('1063','4','2025','69','40','Vlaanderen','0.00','',''),
('1064','4','2025','69','41','Provincie','0.00','',''),
('1065','4','2025','69','42','Andere','0.00','',''),
('1066','4','2025','69','43','Lening','0.00','',''),
('1067','4','2025','71','1','Vorige dienstjaren','0.00','',''),
('1068','4','2025','71','2','Inningskosten ','0.00','',''),
('1069','4','2025','71','3','Bijeenkomsten ','0.00','X',''),
('1070','4','2025','71','4','Personeelskosten','50000.00','X',''),
('1071','4','2025','71','5','Bestuurskosten','7000.00','X',''),
('1072','4','2025','71','6','Sociale bijdragen en beheerskosten sociaal secretariaat','69000.00','X',''),
('1073','4','2025','71','7','Verzekeringen','1100.00','X',''),
('1074','4','2025','71','8','Bankkosten','50.00','X',''),
('1075','4','2025','71','9','Erelonen','10000.00','X',''),
('1076','4','2025','71','10','Kantoorkosten','600.00','X',''),
('1077','4','2025','71','11','Water, verwarming, elektriciteit ','0.00','',''),
('1078','4','2025','71','12','ICT (hardware, software, abonnementen)','0.00','X',''),
('1079','4','2025','71','13','Lidmaatschappen','650.00','X',''),
('1080','4','2025','71','14','PR','500.00','X',''),
('1081','4','2025','71','15','Terug te vorderen kosten eigen aan de werking ','0.00','',''),
('1082','4','2025','71','16','Vergunningen/licenties/machtigingen','0.00','X',''),
('1083','4','2025','71','17','Terugbetaling verkeerdelijk gestorte sommen','0.00','',''),
('1084','4','2025','72','18','Vorige dienstjaren','0.00','',''),
('1085','4','2025','72','19','2e categorie eigen dienstjaar','0.00','',''),
('1086','4','2025','72','20','3e categorie eigen dienstjaar','0.00','',''),
('1087','4','2025','72','21','Publieke grachten eigen dienstjaar','0.00','',''),
('1088','4','2025','72','22','Andere','0.00','',''),
('1089','4','2025','73','23','Vorige dienstjaren','0.00','',''),
('1090','4','2025','73','24','De Vlaamse Waterweg','0.00','',''),
('1091','4','2025','73','25','VMM','0.00','',''),
('1092','4','2025','73','26','Provincie','0.00','',''),
('1093','4','2025','73','27','Gemeenten','0.00','',''),
('1094','4','2025','73','28','Eigen kunstwerken','0.00','',''),
('1095','4','2025','73','29','Andere','0.00','',''),
('1096','4','2025','74','30','Vorige dienstjaren','0.00','',''),
('1097','4','2025','74','31','Huur','0.00','X',''),
('1098','4','2025','74','32','Groenbeheer','0.00','',''),
('1099','4','2025','74','33','(On)roerende voorheffing en belastingen','0.00','',''),
('1100','4','2025','74','34','Kleine herstellingen en onderhoud kantoor- en andere gebouwen (< €3000)','0.00','',''),
('1101','4','2025','74','35','Kleine herstellingen en onderhoud rollend materieel','0.00','X',''),
('1102','4','2025','74','36','Gereedschappen en materieel','0.00','',''),
('1103','4','2025','74','37','Wegenis','0.00','',''),
('1104','4','2025','75','38','Verwerving van roerend goed','0.00','',''),
('1105','4','2025','75','39','Rollend materieel','0.00','',''),
('1106','4','2025','75','40','Lening','0.00','',''),
('1107','4','2025','76','41','Verwerving van onroerend goed','0.00','',''),
('1108','4','2025','76','42','Gebouwen','0.00','',''),
('1109','4','2025','76','43','Terreinen','0.00','',''),
('1110','4','2025','76','44','Lening','0.00','',''),
('1111','4','2025','77','45','Studiekosten','0.00','',''),
('1112','4','2025','77','46','Uitvoering','0.00','',''),
('1113','4','2025','77','47','Andere','0.00','',''),
('1114','4','2025','77','48','Lening','0.00','',''),
('1115','4','2025','78','49','Andere','0.00','',''),
('1116','4','2025','79','50','Andere','0.00','',''),
('1117','4','2025','70','44','Andere','0.00','',''),
('1118','8','2026','14','1','Vorige dienstjaren','0.00','X',''),
('1119','8','2026','14','2','Inning werkingsmiddelen ','0.00','X',''),
('1120','8','2026','14','3','Bijeenkomsten','0.00','X',''),
('1121','8','2026','14','4','Suatierecht','0.00','X',''),
('1122','8','2026','14','5','Tegemoetkoming in personeelskosten','0.00','X',''),
('1123','8','2026','14','6','Sociale bijdragen','0.00','X',''),
('1124','8','2026','14','7','Verzekeringen','0.00','X',''),
('1125','8','2026','14','8','Intrest','0.00','X',''),
('1126','8','2026','14','9','Ruwwaterlevering','0.00','X',''),
('1127','8','2026','14','10','PR','0.00','X',''),
('1128','8','2026','14','11','Terug te vorderen kosten eigen aan de werking','0.00','X',''),
('1129','8','2026','14','12','Vergunningen/licenties/machtigingen','0.00','X',''),
('1130','8','2026','14','13','Verkeerdelijk gestorte bedragen','0.00','X',''),
('1131','8','2026','15','14','Vorige dienstjaren','0.00','X',''),
('1132','8','2026','15','15','2e categorie eigen dienstjaar','0.00','X',''),
('1133','8','2026','15','16','3e categorie eigen dienstjaar','0.00','X',''),
('1134','8','2026','15','17','Andere','0.00','X',''),
('1135','8','2026','16','18','Vorige dienstjaren','0.00','X',''),
('1136','8','2026','16','19','De Vlaamse Waterweg','0.00','X',''),
('1137','8','2026','16','20','VMM','0.00','X',''),
('1138','8','2026','16','21','Provincie','0.00','X',''),
('1139','8','2026','16','22','Gemeenten','0.00','X',''),
('1140','8','2026','16','23','Andere','0.00','X',''),
('1141','8','2026','17','24','Vorige dienstjaren','0.00','X',''),
('1142','8','2026','17','25','Verhuringen','0.00','X',''),
('1143','8','2026','17','26','Groenbeheer','0.00','X',''),
('1144','8','2026','17','27','(On)roerende voorheffing en belastingen','0.00','X',''),
('1145','8','2026','17','28','Wegenis','0.00','X',''),
('1146','8','2026','19','29','Verkoop van roerend goed','0.00','X',''),
('1147','8','2026','19','30','Subsidie voor aankoop rollend materieel','0.00','X',''),
('1148','8','2026','19','31','Lening','0.00','X',''),
('1149','8','2026','20','32','Verkoop van onroerend goed','0.00','X',''),
('1150','8','2026','20','33','Subsidie voor aankoop gebouwen','0.00','X',''),
('1151','8','2026','20','34','Subsidie voor aankoop terreinen','0.00','X',''),
('1152','8','2026','20','35','Lening','0.00','X',''),
('1153','8','2026','21','36','Vlaanderen','0.00','X',''),
('1154','8','2026','21','37','Provincie','0.00','X',''),
('1155','8','2026','21','38','Andere','0.00','X',''),
('1156','8','2026','21','39','Lening','0.00','X',''),
('1157','8','2026','22','40','Vlaanderen','0.00','X',''),
('1158','8','2026','22','41','Provincie','0.00','X',''),
('1159','8','2026','22','42','Andere','0.00','X',''),
('1160','8','2026','22','43','Lening','0.00','X',''),
('1161','8','2026','25','1','Vorige dienstjaren','0.00','X',''),
('1162','8','2026','25','2','Inningskosten ','0.00','X',''),
('1163','8','2026','25','3','Bijeenkomsten ','0.00','X',''),
('1164','8','2026','25','4','Personeelskosten','0.00','X',''),
('1165','8','2026','25','5','Bestuurskosten','0.00','X',''),
('1166','8','2026','25','6','Sociale bijdragen en beheerskosten sociaal secretariaat','0.00','X',''),
('1167','8','2026','25','7','Verzekeringen','0.00','X',''),
('1168','8','2026','25','8','Bankkosten','0.00','X',''),
('1169','8','2026','25','9','Erelonen','0.00','X',''),
('1170','8','2026','25','10','Kantoorkosten','0.00','X',''),
('1171','8','2026','25','11','Water, verwarming, elektriciteit ','0.00','X',''),
('1172','8','2026','25','12','ICT (hardware, software, abonnementen)','0.00','X',''),
('1173','8','2026','25','13','Lidmaatschappen','0.00','X',''),
('1174','8','2026','25','14','PR','0.00','X',''),
('1175','8','2026','25','15','Terug te vorderen kosten eigen aan de werking ','0.00','X',''),
('1176','8','2026','25','16','Vergunningen/licenties/machtigingen','0.00','X',''),
('1177','8','2026','25','17','Terugbetaling verkeerdelijk gestorte sommen','0.00','X',''),
('1178','8','2026','26','18','Vorige dienstjaren','0.00','X',''),
('1179','8','2026','26','19','2e categorie eigen dienstjaar','0.00','X',''),
('1180','8','2026','26','20','3e categorie eigen dienstjaar','0.00','X',''),
('1181','8','2026','26','21','Publieke grachten eigen dienstjaar','0.00','X',''),
('1182','8','2026','26','22','Andere','0.00','X',''),
('1183','8','2026','27','23','Vorige dienstjaren','0.00','X',''),
('1184','8','2026','27','24','De Vlaamse Waterweg','0.00','X',''),
('1185','8','2026','27','25','VMM','0.00','X',''),
('1186','8','2026','27','26','Provincie','0.00','X',''),
('1187','8','2026','27','27','Gemeenten','0.00','X',''),
('1188','8','2026','27','28','Eigen kunstwerken','0.00','X',''),
('1189','8','2026','27','29','Andere','0.00','X',''),
('1190','8','2026','28','30','Vorige dienstjaren','0.00','X',''),
('1191','8','2026','28','31','Huur','0.00','X',''),
('1192','8','2026','28','32','Groenbeheer','0.00','X',''),
('1193','8','2026','28','33','(On)roerende voorheffing en belastingen','0.00','X',''),
('1194','8','2026','28','34','Kleine herstellingen en onderhoud kantoor- en andere gebouwen (< €3000)','0.00','X',''),
('1195','8','2026','28','35','Kleine herstellingen en onderhoud rollend materieel','0.00','X',''),
('1196','8','2026','28','36','Gereedschappen en materieel','0.00','X',''),
('1197','8','2026','28','37','Wegenis','0.00','X',''),
('1198','8','2026','30','38','Verwerving van roerend goed','0.00','X',''),
('1199','8','2026','30','39','Rollend materieel','0.00','X',''),
('1200','8','2026','30','40','Lening','0.00','X',''),
('1201','8','2026','31','41','Verwerving van onroerend goed','0.00','X',''),
('1202','8','2026','31','42','Gebouwen','0.00','X',''),
('1203','8','2026','31','43','Terreinen','0.00','X',''),
('1204','8','2026','31','44','Lening','0.00','X',''),
('1205','8','2026','32','45','Studiekosten','0.00','X',''),
('1206','8','2026','32','46','Uitvoering','0.00','X',''),
('1207','8','2026','32','47','Andere','0.00','X',''),
('1208','8','2026','32','48','Lening','0.00','X',''),
('1209','8','2026','33','49','Andere','0.00','X',''),
('1210','9','2026','14','1','Vorige dienstjaren','0.00','X',''),
('1211','9','2026','14','2','Inning werkingsmiddelen ','0.00','X',''),
('1212','9','2026','14','3','Bijeenkomsten','0.00','X',''),
('1213','9','2026','14','4','Suatierecht','0.00','X',''),
('1214','9','2026','14','5','Tegemoetkoming in personeelskosten','0.00','X',''),
('1215','9','2026','14','6','Sociale bijdragen','0.00','X',''),
('1216','9','2026','14','7','Verzekeringen','0.00','X',''),
('1217','9','2026','14','8','Intrest','0.00','X',''),
('1218','9','2026','14','9','Ruwwaterlevering','0.00','X',''),
('1219','9','2026','14','10','PR','0.00','X',''),
('1220','9','2026','14','11','Terug te vorderen kosten eigen aan de werking','0.00','X',''),
('1221','9','2026','14','12','Vergunningen/licenties/machtigingen','0.00','X',''),
('1222','9','2026','14','13','Verkeerdelijk gestorte bedragen','0.00','X',''),
('1223','9','2026','15','14','Vorige dienstjaren','0.00','X',''),
('1224','9','2026','15','15','2e categorie eigen dienstjaar','0.00','X',''),
('1225','9','2026','15','16','3e categorie eigen dienstjaar','0.00','X',''),
('1226','9','2026','15','17','Andere','0.00','X',''),
('1227','9','2026','16','18','Vorige dienstjaren','0.00','X',''),
('1228','9','2026','16','19','De Vlaamse Waterweg','0.00','X',''),
('1229','9','2026','16','20','VMM','0.00','X',''),
('1230','9','2026','16','21','Provincie','0.00','X',''),
('1231','9','2026','16','22','Gemeenten','0.00','X',''),
('1232','9','2026','16','23','Andere','0.00','X',''),
('1233','9','2026','17','24','Vorige dienstjaren','0.00','X',''),
('1234','9','2026','17','25','Verhuringen','0.00','X',''),
('1235','9','2026','17','26','Groenbeheer','0.00','X',''),
('1236','9','2026','17','27','(On)roerende voorheffing en belastingen','0.00','X',''),
('1237','9','2026','17','28','Wegenis','0.00','X',''),
('1238','9','2026','19','29','Verkoop van roerend goed','0.00','X',''),
('1239','9','2026','19','30','Subsidie voor aankoop rollend materieel','0.00','X',''),
('1240','9','2026','19','31','Lening','0.00','X',''),
('1241','9','2026','20','32','Verkoop van onroerend goed','0.00','X',''),
('1242','9','2026','20','33','Subsidie voor aankoop gebouwen','0.00','X',''),
('1243','9','2026','20','34','Subsidie voor aankoop terreinen','0.00','X',''),
('1244','9','2026','20','35','Lening','0.00','X',''),
('1245','9','2026','21','36','Vlaanderen','0.00','X',''),
('1246','9','2026','21','37','Provincie','0.00','X',''),
('1247','9','2026','21','38','Andere','0.00','X',''),
('1248','9','2026','21','39','Lening','0.00','X',''),
('1249','9','2026','22','40','Vlaanderen','0.00','X',''),
('1250','9','2026','22','41','Provincie','0.00','X',''),
('1251','9','2026','22','42','Andere','0.00','X',''),
('1252','9','2026','22','43','Lening','0.00','X',''),
('1253','9','2026','25','1','Vorige dienstjaren','0.00','X',''),
('1254','9','2026','25','2','Inningskosten ','0.00','X',''),
('1255','9','2026','25','3','Bijeenkomsten ','0.00','X',''),
('1256','9','2026','25','4','Personeelskosten','0.00','X',''),
('1257','9','2026','25','5','Bestuurskosten','0.00','X',''),
('1258','9','2026','25','6','Sociale bijdragen en beheerskosten sociaal secretariaat','0.00','X',''),
('1259','9','2026','25','7','Verzekeringen','0.00','X',''),
('1260','9','2026','25','8','Bankkosten','0.00','X',''),
('1261','9','2026','25','9','Erelonen','0.00','X',''),
('1262','9','2026','25','10','Kantoorkosten','0.00','X',''),
('1263','9','2026','25','11','Water, verwarming, elektriciteit ','0.00','X',''),
('1264','9','2026','25','12','ICT (hardware, software, abonnementen)','0.00','X',''),
('1265','9','2026','25','13','Lidmaatschappen','0.00','X',''),
('1266','9','2026','25','14','PR','0.00','X',''),
('1267','9','2026','25','15','Terug te vorderen kosten eigen aan de werking ','0.00','X',''),
('1268','9','2026','25','16','Vergunningen/licenties/machtigingen','0.00','X',''),
('1269','9','2026','25','17','Terugbetaling verkeerdelijk gestorte sommen','0.00','X',''),
('1270','9','2026','26','18','Vorige dienstjaren','0.00','X',''),
('1271','9','2026','26','19','2e categorie eigen dienstjaar','0.00','X',''),
('1272','9','2026','26','20','3e categorie eigen dienstjaar','0.00','X',''),
('1273','9','2026','26','21','Publieke grachten eigen dienstjaar','0.00','X',''),
('1274','9','2026','26','22','Andere','0.00','X',''),
('1275','9','2026','27','23','Vorige dienstjaren','0.00','X',''),
('1276','9','2026','27','24','De Vlaamse Waterweg','0.00','X',''),
('1277','9','2026','27','25','VMM','0.00','X',''),
('1278','9','2026','27','26','Provincie','0.00','X',''),
('1279','9','2026','27','27','Gemeenten','0.00','X',''),
('1280','9','2026','27','28','Eigen kunstwerken','0.00','X',''),
('1281','9','2026','27','29','Andere','0.00','X',''),
('1282','9','2026','28','30','Vorige dienstjaren','0.00','X',''),
('1283','9','2026','28','31','Huur','0.00','X',''),
('1284','9','2026','28','32','Groenbeheer','0.00','X',''),
('1285','9','2026','28','33','(On)roerende voorheffing en belastingen','0.00','X',''),
('1286','9','2026','28','34','Kleine herstellingen en onderhoud kantoor- en andere gebouwen (< €3000)','0.00','X',''),
('1287','9','2026','28','35','Kleine herstellingen en onderhoud rollend materieel','0.00','X',''),
('1288','9','2026','28','36','Gereedschappen en materieel','0.00','X',''),
('1289','9','2026','28','37','Wegenis','0.00','X',''),
('1290','9','2026','30','38','Verwerving van roerend goed','0.00','X',''),
('1291','9','2026','30','39','Rollend materieel','0.00','X',''),
('1292','9','2026','30','40','Lening','0.00','X',''),
('1293','9','2026','31','41','Verwerving van onroerend goed','0.00','X',''),
('1294','9','2026','31','42','Gebouwen','0.00','X',''),
('1295','9','2026','31','43','Terreinen','0.00','X',''),
('1296','9','2026','31','44','Lening','0.00','X',''),
('1297','9','2026','32','45','Studiekosten','0.00','X',''),
('1298','9','2026','32','46','Uitvoering','0.00','X',''),
('1299','9','2026','32','47','Andere','0.00','X',''),
('1300','9','2026','32','48','Lening','0.00','X',''),
('1301','9','2026','33','49','Andere','0.00','X',''),
('1302','10','2026','14','1','Vorige dienstjaren','0.00','X',''),
('1303','10','2026','14','2','Inning werkingsmiddelen ','0.00','X',''),
('1304','10','2026','14','3','Bijeenkomsten','0.00','X',''),
('1305','10','2026','14','4','Suatierecht','0.00','X',''),
('1306','10','2026','14','5','Tegemoetkoming in personeelskosten','0.00','X',''),
('1307','10','2026','14','6','Sociale bijdragen','0.00','X',''),
('1308','10','2026','14','7','Verzekeringen','0.00','X',''),
('1309','10','2026','14','8','Intrest','0.00','X',''),
('1310','10','2026','14','9','Ruwwaterlevering','0.00','X',''),
('1311','10','2026','14','10','PR','0.00','X',''),
('1312','10','2026','14','11','Terug te vorderen kosten eigen aan de werking','0.00','X',''),
('1313','10','2026','14','12','Vergunningen/licenties/machtigingen','0.00','X',''),
('1314','10','2026','14','13','Verkeerdelijk gestorte bedragen','0.00','X',''),
('1315','10','2026','15','14','Vorige dienstjaren','0.00','X',''),
('1316','10','2026','15','15','2e categorie eigen dienstjaar','0.00','X',''),
('1317','10','2026','15','16','3e categorie eigen dienstjaar','0.00','X',''),
('1318','10','2026','15','17','Andere','0.00','X',''),
('1319','10','2026','16','18','Vorige dienstjaren','0.00','X',''),
('1320','10','2026','16','19','De Vlaamse Waterweg','0.00','X',''),
('1321','10','2026','16','20','VMM','0.00','X',''),
('1322','10','2026','16','21','Provincie','0.00','X',''),
('1323','10','2026','16','22','Gemeenten','0.00','X',''),
('1324','10','2026','16','23','Andere','0.00','X',''),
('1325','10','2026','17','24','Vorige dienstjaren','0.00','X',''),
('1326','10','2026','17','25','Verhuringen','0.00','X',''),
('1327','10','2026','17','26','Groenbeheer','0.00','X',''),
('1328','10','2026','17','27','(On)roerende voorheffing en belastingen','0.00','X',''),
('1329','10','2026','17','28','Wegenis','0.00','X',''),
('1330','10','2026','19','29','Verkoop van roerend goed','0.00','X',''),
('1331','10','2026','19','30','Subsidie voor aankoop rollend materieel','0.00','X',''),
('1332','10','2026','19','31','Lening','0.00','X',''),
('1333','10','2026','20','32','Verkoop van onroerend goed','0.00','X',''),
('1334','10','2026','20','33','Subsidie voor aankoop gebouwen','0.00','X',''),
('1335','10','2026','20','34','Subsidie voor aankoop terreinen','0.00','X',''),
('1336','10','2026','20','35','Lening','0.00','X',''),
('1337','10','2026','21','36','Vlaanderen','0.00','X',''),
('1338','10','2026','21','37','Provincie','0.00','X',''),
('1339','10','2026','21','38','Andere','0.00','X',''),
('1340','10','2026','21','39','Lening','0.00','X',''),
('1341','10','2026','22','40','Vlaanderen','0.00','X',''),
('1342','10','2026','22','41','Provincie','0.00','X',''),
('1343','10','2026','22','42','Andere','0.00','X',''),
('1344','10','2026','22','43','Lening','0.00','X',''),
('1345','10','2026','25','1','Vorige dienstjaren','0.00','X',''),
('1346','10','2026','25','2','Inningskosten ','0.00','X',''),
('1347','10','2026','25','3','Bijeenkomsten ','0.00','X',''),
('1348','10','2026','25','4','Personeelskosten','0.00','X',''),
('1349','10','2026','25','5','Bestuurskosten','0.00','X',''),
('1350','10','2026','25','6','Sociale bijdragen en beheerskosten sociaal secretariaat','0.00','X',''),
('1351','10','2026','25','7','Verzekeringen','0.00','X',''),
('1352','10','2026','25','8','Bankkosten','0.00','X',''),
('1353','10','2026','25','9','Erelonen','0.00','X',''),
('1354','10','2026','25','10','Kantoorkosten','0.00','X',''),
('1355','10','2026','25','11','Water, verwarming, elektriciteit ','0.00','X',''),
('1356','10','2026','25','12','ICT (hardware, software, abonnementen)','0.00','X',''),
('1357','10','2026','25','13','Lidmaatschappen','0.00','X',''),
('1358','10','2026','25','14','PR','0.00','X',''),
('1359','10','2026','25','15','Terug te vorderen kosten eigen aan de werking ','0.00','X',''),
('1360','10','2026','25','16','Vergunningen/licenties/machtigingen','0.00','X',''),
('1361','10','2026','25','17','Terugbetaling verkeerdelijk gestorte sommen','0.00','X',''),
('1362','10','2026','26','18','Vorige dienstjaren','0.00','X',''),
('1363','10','2026','26','19','2e categorie eigen dienstjaar','0.00','X',''),
('1364','10','2026','26','20','3e categorie eigen dienstjaar','0.00','X',''),
('1365','10','2026','26','21','Publieke grachten eigen dienstjaar','0.00','X',''),
('1366','10','2026','26','22','Andere','0.00','X',''),
('1367','10','2026','27','23','Vorige dienstjaren','0.00','X',''),
('1368','10','2026','27','24','De Vlaamse Waterweg','0.00','X',''),
('1369','10','2026','27','25','VMM','0.00','X',''),
('1370','10','2026','27','26','Provincie','0.00','X',''),
('1371','10','2026','27','27','Gemeenten','0.00','X',''),
('1372','10','2026','27','28','Eigen kunstwerken','0.00','X',''),
('1373','10','2026','27','29','Andere','0.00','X',''),
('1374','10','2026','28','30','Vorige dienstjaren','0.00','X',''),
('1375','10','2026','28','31','Huur','0.00','X',''),
('1376','10','2026','28','32','Groenbeheer','0.00','X',''),
('1377','10','2026','28','33','(On)roerende voorheffing en belastingen','0.00','X',''),
('1378','10','2026','28','34','Kleine herstellingen en onderhoud kantoor- en andere gebouwen (< €3000)','0.00','X',''),
('1379','10','2026','28','35','Kleine herstellingen en onderhoud rollend materieel','0.00','X',''),
('1380','10','2026','28','36','Gereedschappen en materieel','0.00','X',''),
('1381','10','2026','28','37','Wegenis','0.00','X',''),
('1382','10','2026','30','38','Verwerving van roerend goed','0.00','X',''),
('1383','10','2026','30','39','Rollend materieel','0.00','X',''),
('1384','10','2026','30','40','Lening','0.00','X',''),
('1385','10','2026','31','41','Verwerving van onroerend goed','0.00','X',''),
('1386','10','2026','31','42','Gebouwen','0.00','X',''),
('1387','10','2026','31','43','Terreinen','0.00','X',''),
('1388','10','2026','31','44','Lening','0.00','X',''),
('1389','10','2026','32','45','Studiekosten','0.00','X',''),
('1390','10','2026','32','46','Uitvoering','0.00','X',''),
('1391','10','2026','32','47','Andere','0.00','X',''),
('1392','10','2026','32','48','Lening','0.00','X',''),
('1393','10','2026','33','49','Andere','0.00','X',''),
('1394','12','2026','14','1','Vorige dienstjaren','50423.63','X',''),
('1395','12','2026','14','2','Inning werkingsmiddelen ','722222.00','X',''),
('1396','12','2026','14','3','Bijeenkomsten','0.00','X',''),
('1397','12','2026','14','4','Suatierecht','0.00','X',''),
('1398','12','2026','14','5','Tegemoetkoming in personeelskosten','90500.00','X',''),
('1399','12','2026','14','6','Sociale bijdragen','0.00','X',''),
('1400','12','2026','14','7','Verzekeringen','0.00','X',''),
('1401','12','2026','14','8','Intrest','1500.00','X',''),
('1402','12','2026','14','9','Ruwwaterlevering','0.00','',''),
('1403','12','2026','14','10','PR','0.00','X',''),
('1404','12','2026','14','11','Terug te vorderen kosten eigen aan de werking','0.00','X',''),
('1405','12','2026','14','12','Vergunningen/licenties/machtigingen','4212.44','X',''),
('1406','12','2026','14','13','Verkeerdelijk gestorte bedragen','0.00','X',''),
('1407','12','2026','15','14','Vorige dienstjaren','151922.33','X',''),
('1408','12','2026','15','15','2e categorie eigen dienstjaar','846319.44','X',''),
('1409','12','2026','15','16','3e categorie eigen dienstjaar','0.00','',''),
('1410','12','2026','15','17','Andere','0.00','X',''),
('1411','12','2026','16','18','Vorige dienstjaren','18534.66','X',''),
('1412','12','2026','16','19','De Vlaamse Waterweg','0.00','',''),
('1413','12','2026','16','20','VMM','0.00','',''),
('1414','12','2026','16','21','Provincie','50000.00','X',''),
('1415','12','2026','16','22','Gemeenten','0.00','',''),
('1416','12','2026','16','23','Andere','0.00','',''),
('1417','12','2026','17','24','Vorige dienstjaren','292.43','X',''),
('1418','12','2026','17','25','Verhuringen','8750.00','X',''),
('1419','12','2026','17','26','Groenbeheer','0.00','X',''),
('1420','12','2026','17','27','(On)roerende voorheffing en belastingen','0.00','X',''),
('1421','12','2026','17','28','Wegenis','0.00','X',''),
('1422','12','2026','19','29','Verkoop van roerend goed','0.00','X',''),
('1423','12','2026','19','30','Subsidie voor aankoop rollend materieel','0.00','X',''),
('1424','12','2026','19','31','Lening','0.00','X',''),
('1425','12','2026','20','32','Verkoop van onroerend goed','0.00','X',''),
('1426','12','2026','20','33','Subsidie voor aankoop gebouwen','0.00','',''),
('1427','12','2026','20','34','Subsidie voor aankoop terreinen','0.00','',''),
('1428','12','2026','20','35','Lening','0.00','X',''),
('1429','12','2026','21','36','Vlaanderen','0.00','X',''),
('1430','12','2026','21','37','Provincie','277500.00','X',''),
('1431','12','2026','21','38','Andere','0.00','X',''),
('1432','12','2026','21','39','Lening','0.00','X',''),
('1433','12','2026','22','40','Vlaanderen','0.00','X',''),
('1434','12','2026','22','41','Provincie','0.00','X',''),
('1435','12','2026','22','42','Andere','0.00','X',''),
('1436','12','2026','22','43','Lening','0.00','X',''),
('1437','12','2026','25','1','Vorige dienstjaren','0.00','X',''),
('1438','12','2026','25','2','Inningskosten ','0.00','',''),
('1439','12','2026','25','3','Bijeenkomsten ','12000.00','X',''),
('1440','12','2026','25','4','Personeelskosten','393000.00','X',''),
('1441','12','2026','25','5','Bestuurskosten','50000.00','X',''),
('1442','12','2026','25','6','Sociale bijdragen en beheerskosten sociaal secretariaat','441500.00','X',''),
('1443','12','2026','25','7','Verzekeringen','39584.45','X',''),
('1444','12','2026','25','8','Bankkosten','1300.00','X',''),
('1445','12','2026','25','9','Erelonen','0.00','X',''),
('1446','12','2026','25','10','Kantoorkosten','29500.00','X',''),
('1447','12','2026','25','11','Water, verwarming, elektriciteit ','8150.00','X',''),
('1448','12','2026','25','12','ICT (hardware, software, abonnementen)','16000.00','X',''),
('1449','12','2026','25','13','Lidmaatschappen','7000.00','X',''),
('1450','12','2026','25','14','PR','0.00','X',''),
('1451','12','2026','25','15','Terug te vorderen kosten eigen aan de werking ','0.00','X',''),
('1452','12','2026','25','16','Vergunningen/licenties/machtigingen','0.00','X',''),
('1453','12','2026','25','17','Terugbetaling verkeerdelijk gestorte sommen','13603.14','X',''),
('1454','12','2026','26','18','Vorige dienstjaren','0.00','X',''),
('1455','12','2026','26','19','2e categorie eigen dienstjaar','802000.00','X',''),
('1456','12','2026','26','20','3e categorie eigen dienstjaar','0.00','X',''),
('1457','12','2026','26','21','Publieke grachten eigen dienstjaar','252000.00','X',''),
('1458','12','2026','26','22','Andere','0.00','X',''),
('1459','12','2026','27','23','Vorige dienstjaren','0.00','X',''),
('1460','12','2026','27','24','De Vlaamse Waterweg','0.00','X',''),
('1461','12','2026','27','25','VMM','0.00','X',''),
('1462','12','2026','27','26','Provincie','56000.00','X',''),
('1463','12','2026','27','27','Gemeenten','0.00','X',''),
('1464','12','2026','27','28','Eigen kunstwerken','2000.00','X',''),
('1465','12','2026','27','29','Andere','0.00','X',''),
('1466','12','2026','28','30','Vorige dienstjaren','0.00','X',''),
('1467','12','2026','28','31','Huur','0.00','',''),
('1468','12','2026','28','32','Groenbeheer','0.00','X',''),
('1469','12','2026','28','33','(On)roerende voorheffing en belastingen','2410.12','X',''),
('1470','12','2026','28','34','Kleine herstellingen en onderhoud kantoor- en andere gebouwen (< €3000)','17000.00','X',''),
('1471','12','2026','28','35','Kleine herstellingen en onderhoud rollend materieel','73000.00','X',''),
('1472','12','2026','28','36','Gereedschappen en materieel','64600.00','X',''),
('1473','12','2026','28','37','Wegenis','0.00','X',''),
('1474','12','2026','30','38','Verwerving van roerend goed','0.00','X',''),
('1475','12','2026','30','39','Rollend materieel','260000.00','X',''),
('1476','12','2026','30','40','Lening','87250.32','X',''),
('1477','12','2026','31','41','Verwerving van onroerend goed','5000.00','X',''),
('1478','12','2026','31','42','Gebouwen','17000.00','X',''),
('1479','12','2026','31','43','Terreinen','0.00','X',''),
('1480','12','2026','31','44','Lening','0.00','X',''),
('1481','12','2026','32','45','Studiekosten','50000.00','X',''),
('1482','12','2026','32','46','Uitvoering','233000.00','X',''),
('1483','12','2026','32','47','Andere','60000.00','X',''),
('1484','12','2026','32','48','Lening','0.00','X',''),
('1485','12','2026','33','49','Andere','0.00','X',''),
('1486','8','2026','23','44','Uitbetalingen door verzekeringsmaatschappijen','0.00','X',''),
('1487','4','2026','14','1','Vorige dienstjaren','50000.00','X',''),
('1488','4','2026','14','2','Inning werkingsmiddelen ','60000.00','X',''),
('1489','4','2026','14','3','Bijeenkomsten','0.00','X',''),
('1490','4','2026','14','4','Suatierecht','0.00','',''),
('1491','4','2026','14','5','Tegemoetkoming in personeelskosten','0.00','',''),
('1492','4','2026','14','6','Sociale bijdragen','0.00','X',''),
('1493','4','2026','14','7','Verzekeringen','0.00','',''),
('1494','4','2026','14','8','Intrest','0.00','X',''),
('1495','4','2026','14','9','Ruwwaterlevering','0.00','X',''),
('1496','4','2026','14','10','PR','0.00','',''),
('1497','4','2026','14','11','Terug te vorderen kosten eigen aan de werking','0.00','',''),
('1498','4','2026','14','12','Vergunningen/licenties/machtigingen','4500.00','X',''),
('1499','4','2026','14','13','Verkeerdelijk gestorte bedragen','150.00','X',''),
('1500','4','2026','15','14','Vorige dienstjaren','0.00','',''),
('1501','4','2026','15','15','2e categorie eigen dienstjaar','0.00','',''),
('1502','4','2026','15','16','3e categorie eigen dienstjaar','0.00','',''),
('1503','4','2026','15','17','Andere','0.00','',''),
('1504','4','2026','16','18','Vorige dienstjaren','0.00','',''),
('1505','4','2026','16','19','De Vlaamse Waterweg','0.00','',''),
('1506','4','2026','16','20','VMM','0.00','',''),
('1507','4','2026','16','21','Provincie','0.00','',''),
('1508','4','2026','16','22','Gemeenten','0.00','',''),
('1509','4','2026','16','23','Andere','0.00','',''),
('1510','4','2026','17','24','Vorige dienstjaren','0.00','',''),
('1511','4','2026','17','25','Verhuringen','0.00','',''),
('1512','4','2026','17','26','Groenbeheer','0.00','',''),
('1513','4','2026','17','27','(On)roerende voorheffing en belastingen','0.00','',''),
('1514','4','2026','17','28','Wegenis','0.00','',''),
('1515','4','2026','19','29','Verkoop van roerend goed','0.00','',''),
('1516','4','2026','19','30','Subsidie voor aankoop rollend materieel','0.00','',''),
('1517','4','2026','19','31','Lening','0.00','',''),
('1518','4','2026','20','32','Verkoop van onroerend goed','0.00','',''),
('1519','4','2026','20','33','Subsidie voor aankoop gebouwen','0.00','',''),
('1520','4','2026','20','34','Subsidie voor aankoop terreinen','0.00','',''),
('1521','4','2026','20','35','Lening','0.00','',''),
('1522','4','2026','21','36','Vlaanderen','0.00','',''),
('1523','4','2026','21','37','Provincie','0.00','',''),
('1524','4','2026','21','38','Andere','0.00','',''),
('1525','4','2026','21','39','Lening','0.00','',''),
('1526','4','2026','22','40','Vlaanderen','0.00','',''),
('1527','4','2026','22','41','Provincie','0.00','',''),
('1528','4','2026','22','42','Andere','0.00','',''),
('1529','4','2026','22','43','Lening','0.00','',''),
('1530','4','2026','25','1','Vorige dienstjaren','0.00','',''),
('1531','4','2026','25','2','Inningskosten ','0.00','',''),
('1532','4','2026','25','3','Bijeenkomsten ','0.00','X',''),
('1533','4','2026','25','4','Personeelskosten','50000.00','X',''),
('1534','4','2026','25','5','Bestuurskosten','7000.00','X',''),
('1535','4','2026','25','6','Sociale bijdragen en beheerskosten sociaal secretariaat','69000.00','X',''),
('1536','4','2026','25','7','Verzekeringen','1100.00','X',''),
('1537','4','2026','25','8','Bankkosten','50.00','X',''),
('1538','4','2026','25','9','Erelonen','10000.00','X',''),
('1539','4','2026','25','10','Kantoorkosten','600.00','X',''),
('1540','4','2026','25','11','Water, verwarming, elektriciteit ','0.00','',''),
('1541','4','2026','25','12','ICT (hardware, software, abonnementen)','0.00','X',''),
('1542','4','2026','25','13','Lidmaatschappen','650.00','X',''),
('1543','4','2026','25','14','PR','500.00','X',''),
('1544','4','2026','25','15','Terug te vorderen kosten eigen aan de werking ','0.00','',''),
('1545','4','2026','25','16','Vergunningen/licenties/machtigingen','0.00','X',''),
('1546','4','2026','25','17','Terugbetaling verkeerdelijk gestorte sommen','0.00','',''),
('1547','4','2026','26','18','Vorige dienstjaren','0.00','',''),
('1548','4','2026','26','19','2e categorie eigen dienstjaar','0.00','',''),
('1549','4','2026','26','20','3e categorie eigen dienstjaar','0.00','',''),
('1550','4','2026','26','21','Publieke grachten eigen dienstjaar','0.00','',''),
('1551','4','2026','26','22','Andere','0.00','',''),
('1552','4','2026','27','23','Vorige dienstjaren','0.00','',''),
('1553','4','2026','27','24','De Vlaamse Waterweg','0.00','',''),
('1554','4','2026','27','25','VMM','0.00','',''),
('1555','4','2026','27','26','Provincie','0.00','',''),
('1556','4','2026','27','27','Gemeenten','0.00','',''),
('1557','4','2026','27','28','Eigen kunstwerken','0.00','',''),
('1558','4','2026','27','29','Andere','0.00','',''),
('1559','4','2026','28','30','Vorige dienstjaren','0.00','',''),
('1560','4','2026','28','31','Huur','0.00','X',''),
('1561','4','2026','28','32','Groenbeheer','0.00','',''),
('1562','4','2026','28','33','(On)roerende voorheffing en belastingen','0.00','',''),
('1563','4','2026','28','34','Kleine herstellingen en onderhoud kantoor- en andere gebouwen (< €3000)','0.00','',''),
('1564','4','2026','28','35','Kleine herstellingen en onderhoud rollend materieel','0.00','X',''),
('1565','4','2026','28','36','Gereedschappen en materieel','0.00','',''),
('1566','4','2026','28','37','Wegenis','0.00','',''),
('1567','4','2026','30','38','Verwerving van roerend goed','0.00','',''),
('1568','4','2026','30','39','Rollend materieel','0.00','',''),
('1569','4','2026','30','40','Lening','0.00','',''),
('1570','4','2026','31','41','Verwerving van onroerend goed','0.00','',''),
('1571','4','2026','31','42','Gebouwen','0.00','',''),
('1572','4','2026','31','43','Terreinen','0.00','',''),
('1573','4','2026','31','44','Lening','0.00','',''),
('1574','4','2026','32','45','Studiekosten','0.00','',''),
('1575','4','2026','32','46','Uitvoering','0.00','',''),
('1576','4','2026','32','47','Andere','0.00','',''),
('1577','4','2026','32','48','Lening','0.00','',''),
('1578','4','2026','33','49','Andere','0.00','',''),
('1579','4','2026','34','50','Andere','0.00','',''),
('1580','4','2026','23','44','Andere','0.00','','');

DROP TABLE IF EXISTS `rekeningen`;
CREATE TABLE `rekeningen` (
  `rekeningId` int(11) NOT NULL AUTO_INCREMENT,
  `wateringId` int(11) NOT NULL,
  `jaar` int(11) NOT NULL,
  `rekening` varchar(30) NOT NULL,
  `omschrijving` varchar(255) NOT NULL,
  `positie` int(11) NOT NULL,
  `overdracht` decimal(15,2) NOT NULL,
  `actief` varchar(1) NOT NULL,
  `afgesloten` varchar(1) NOT NULL,
  PRIMARY KEY (`rekeningId`)
) ENGINE=InnoDB AUTO_INCREMENT=110 DEFAULT CHARSET=utf8mb3 COLLATE=utf8mb3_general_ci;

INSERT INTO `rekeningen` VALUES
('69','7','2025','KAS',' ','0','0.00','X',''),
('71','7','2025','BE58 0682 0134 8179','Belfius zichtrekening','1','83171.15','X',''),
('72','7','2025','BE58 0682 0134 8179','Belfius zichtrekening','999','0.00','',''),
('75','7','2026','KAS',' ','0','0.00','X',''),
('76','7','2026','BE58 0682 0134 8179','Belfius zichtrekening','1','73345.75','X',''),
('77','4','2025','BE11 3511 8842 3364','Test rekening','2','5000.00','X',''),
('78','4','2025','KAS',' ','0','0.00','X',''),
('79','4','2025','BE72 1526 5412 9721','Zichtrekening','1','15135.50','X',''),
('80','4','2025','BE11 3511 8842 3364','1','999','1.00','',''),
('81','4','2025','BE55 6661 7771 8881','2','999','2.00','',''),
('82','4','2025','BE55 6661 7771 8882','3','999','3.00','',''),
('83','4','2025','BE72 1526 5412 9721','4','999','4.00','',''),
('84','8','2026','KAS','','0','97.46','X',''),
('85','8','2026','BE64 0910 0167 0752','Betaalrekening','1','135017.84','X',''),
('86','8','2026','BE21 0910 1222 9103','Spaarrekening','2','394097.90','X',''),
('87','8','2026','BE32 0910 1624 4802','Kredietlijn','3','0.00','X',''),
('88','8','2026','BE41 0913 3984 7310','First','4','125168.05','X',''),
('89','8','2026','BE53 0910 0167 0853','Rekening Courant','5','0.00','X',''),
('90','9','2026','KAS','','0','0.00','X',''),
('91','9','2026','BE18 0910 2226 5165','Betaalrekening','1','9078.39','X',''),
('92','9','2026','BE52 0910 0737 0009','Treasury','2','75000.00','X',''),
('93','9','2026','BE29 0910 0167 1964','Kredietlijn','3','527.08','X',''),
('94','10','2026','KAS','','0','0.00','X',''),
('95','10','2026','BE92 0910 0166 7823','Zichtrekening Belfius','1','0.00','X',''),
('96','10','2026','BE76 0000 1190 1795','Zichtrekening BNP Paribas Fortis','2','0.00','X',''),
('97','10','2026','BE52 0910 1925 2509','Belfius Treasuru Special','3','0.00','X',''),
('98','10','2026','BE04 7440 7231 7331','Spaarrekening KBC','4','0.00','X',''),
('99','10','2026','BE56 7360 4728 9988','Zichtrekening KBC','5','0.00','X',''),
('100','10','2026','BE76 0910 1630 2695','Rekening kredietopening Belfius','6','0.00','X',''),
('101','12','2026','KAS','','0','0.00','X',''),
('102','12','2026','BE33 7340 5385 8146','ZR KBC','1','98507.36','X',''),
('103','12','2026','BE92 0000 1773 3923','ZR BNP','2','8251.48','X',''),
('104','12','2026','BE76 1448 6187 5695','SR Fintro','3','342232.21','X',''),
('105','10','2026','BE48 0910 0166 8227','toelagen en leningsgelden','7','0.00','X',''),
('106','12','2026','BE10 1430 7370 0604','FINTRO ZR','4','410399.36','X',''),
('107','4','2026','KAS',' ','0','506.00','X',''),
('108','4','2026','BE72 1526 5412 9721','Zichtrekening','1','56182.40','X',''),
('109','4','2026','BE11 3511 8842 3364','Test rekening','2','1258.27','X','');

DROP TABLE IF EXISTS `reserve`;
CREATE TABLE `reserve` (
  `reserveId` int(11) NOT NULL AUTO_INCREMENT,
  `wateringId` int(11) NOT NULL,
  `jaar` int(11) NOT NULL,
  `raming` decimal(15,2) DEFAULT NULL,
  PRIMARY KEY (`reserveId`)
) ENGINE=InnoDB AUTO_INCREMENT=21 DEFAULT CHARSET=utf8mb4 COLLATE=utf8mb4_general_ci;

INSERT INTO `reserve` VALUES
('10','7','2025','83171.15'),
('14','7','2026','73345.75'),
('15','8','2026','0.00'),
('16','9','2026','0.00'),
('17','10','2026','0.00'),
('18','12','2026','859390.40'),
('19','4','2025','3000.00'),
('20','4','2026','60946.67');

DROP TABLE IF EXISTS `subposten`;
CREATE TABLE `subposten` (
  `subpostId` int(11) NOT NULL AUTO_INCREMENT,
  `wateringId` int(11) NOT NULL,
  `jaar` int(11) NOT NULL,
  `postId` int(11) NOT NULL,
  `referentie` varchar(2) NOT NULL,
  `omschrijving` varchar(255) NOT NULL,
  `raming` decimal(15,2) NOT NULL,
  `actief` varchar(1) NOT NULL,
  PRIMARY KEY (`subpostId`)
) ENGINE=InnoDB AUTO_INCREMENT=548 DEFAULT CHARSET=utf8mb3 COLLATE=utf8mb3_general_ci;

INSERT INTO `subposten` VALUES
('440','7','2025','743','a','Lidgelden','147169.60','X'),
('443','7','2025','744','a','Vergaderingen, congressen','5000.00','X'),
('444','7','2025','744','b','EUWMA','0.00','X'),
('445','7','2025','787','a','Organisatie vergaderingen','7000.00','X'),
('446','7','2025','787','b','EUWMA','2500.00','X'),
('447','7','2025','796','a','Gsm, internet, ...','1000.00','X'),
('449','7','2025','800','a','E-loket wateronttrekkingen','4500.00','X'),
('450','7','2025','800','b','Andere','50.00','X'),
('451','7','2025','815','a','kantoor','3600.00','X'),
('452','7','2025','815','b','auto','6000.00','X'),
('453','7','2025','819','a','kosten vervoer','2500.00','X'),
('468','7','2026','931','a','Lidgelden','147169.60','X'),
('469','7','2026','932','a','Vergaderingen, congressen','5000.00','X'),
('470','7','2026','932','b','EUWMA','0.00','X'),
('471','7','2026','975','a','Organisatie vergaderingen','7000.00','X'),
('472','7','2026','975','b','EUWMA','2500.00','X'),
('474','7','2026','988','a','E-loket wateronttrekkingen','4500.00','X'),
('475','7','2026','988','b','Andere','50.00','X'),
('476','7','2026','1003','a','kantoor','3600.00','X'),
('477','7','2026','1003','b','auto','6000.00','X'),
('478','7','2026','1007','a','kosten vervoer','2500.00','X'),
('479','4','2025','1026','a','Nieuwe subpost','3000.60','X'),
('481','4','2025','1026','b','EUWMA','3500.00','X'),
('482','8','2026','1118','a','Overschot laatste rekening','0.00','X'),
('489','8','2026','1125','a','Opbrengsten gedeponeerde gelden','0.00','X'),
('492','8','2026','1130','a','Toevallige & Onvoorziene ontvangsten','0.00','X'),
('493','8','2026','1161','a','Mali laatste rekening','0.00','X'),
('494','8','2026','1161','b','Laatste rekening \'nog te betalen\'','0.00','X'),
('495','8','2026','1118','b','Laatste rekening \'Nog te ontvangen\'','0.00','X'),
('496','8','2026','1161','c','Patrimonium','0.00','X'),
('498','8','2026','1173','a','Verenigingen','0.00','X'),
('499','8','2026','1119','a','Gewone Belasting','0.00','X'),
('500','8','2026','1119','b','Belastingen \'Jaar -1\'','0.00','X'),
('501','8','2026','1119','c','Belastingen \'Jaar -2 en ouder\'','0.00','X'),
('502','8','2026','1123','a','Werkgevers RSZ','0.00','X'),
('503','8','2026','1123','b','Persoonlijke RSZ','0.00','X'),
('504','8','2026','1123','c','Bijzondere Bijdrage RSZ','0.00','X'),
('506','8','2026','1123','d','Bedrijfsvoorheffing Personeel','0.00','X'),
('507','8','2026','1123','e','Bedrijfsvoorheffing Bestuur','0.00','X'),
('508','8','2026','1166','a','Werkgevers RSZ','0.00','X'),
('509','8','2026','1166','b','Persoonlijke RSZ','0.00','X'),
('510','8','2026','1166','c','Bijzondere Bijdrage RSZ','0.00','X'),
('511','8','2026','1166','d','Bedrijfsvoorheffing Personeel','0.00','X'),
('512','8','2026','1166','e','Bedrijfsvoorheffing Bestuur','0.00','X'),
('513','8','2026','1166','f','Kosten weddecentrale','0.00','X'),
('514','8','2026','1142','a','Huurgelden woning','0.00','X'),
('515','8','2026','1142','b','Huurgelden kantoor en dienstvoertuigen','0.00','X'),
('516','8','2026','1143','a','Gewoon houthakken','0.00','X'),
('517','8','2026','1143','b','Grasmaaien','0.00','X'),
('518','8','2026','1143','c','Snoeien van bomen','0.00','X'),
('519','8','2026','1143','d','Fruit, turfgrond, enz...','0.00','X'),
('520','8','2026','1153','a','Project Simsebeek','0.00','X'),
('521','8','2026','1154','a','Project Simsebeek','0.00','X'),
('522','8','2026','1155','a','Project Simsebeek','0.00','X'),
('523','8','2026','1206','a','Project Simsebeek','0.00','X'),
('525','8','2026','1164','a','Ont.-Griffier & Adm. personeel','0.00','X'),
('526','8','2026','1164','b','Dijk- en sluiswachters','0.00','X'),
('528','8','2026','1164','c','Toezichters','0.00','X'),
('529','8','2026','1164','d','Werklieden','0.00','X'),
('531','8','2026','1164','e','Interim / Adm. Ondersteuning','0.00','X'),
('532','8','2026','1164','f','Opleidingen','0.00','X'),
('533','8','2026','1167','a','Arbeidsongevallen - Wettelijk','0.00','X'),
('534','8','2026','1167','b','Arbeidsongevallen - Buiten Wettelijk','0.00','X'),
('535','8','2026','1167','c','Algemene Burgerlijke Aansprakelijkheid (ABA)','0.00','X'),
('536','8','2026','1167','d','Lichamelijke ongevallen bestuursleden','0.00','X'),
('537','8','2026','1167','e','Bestuurdersaansprakelijkheid','0.00','X'),
('538','8','2026','1167','f','Dienstverplaatsingen (bestuur)','0.00','X'),
('540','8','2026','1167','g','Dienstvoertuigen','0.00','X'),
('542','8','2026','1167','h','Brandverzekering','0.00','X'),
('543','8','2026','1167','i','Elektronica','0.00','X'),
('544','8','2026','1167','j','Groepsverzekering','0.00','X'),
('545','7','2026','930','a','licenties e-loket 2025','705.42','X'),
('546','4','2026','1489','a','Nieuwe subpost','3000.60','X'),
('547','4','2026','1489','b','EUWMA','3500.00','X');

